"","Level","Location","in_out","date.MM.DD.YY.","time.hh.mm.ss","run","oxygen.mg.L..ppm.","range..ppm.","Std.Dev..ppm.","temp","ErrorMessage","Decimal.Time","Channel","Tube","Amplitude","z","x","y"
"1",1,"A","o","      4/7/2018","      18:25:40",1,1.317353,0.009,0.002499,11,0,737157.7678,1,1,22914,0,-1,0
"2",1,"A","o","      4/7/2018","      22:07:22",7,3.365235,0.021,0.006704,15,0,737157.9218,33,2,7965,0,-1,0
"3",1,"A","o","      4/7/2018","      20:39:43",4,3.293563,0.024,0.006418,15,0,737157.8609,83,3,9038,0,-1,0
"4",1,"A","o","      4/7/2018","      19:12:16",2,3.341889,0.022,0.006125,15,0,737157.8002,33,2,8202,0,-1,0
"5",1,"A","o","      4/7/2018","      22:53:59",8,3.462882,0.039,0.010343,11,0,737157.9542,65,3,6852,0,-1,0
"6",1,"A","o","      4/7/2018","      21:26:32",6,0.820944,0.027,0.00804,15,0,737157.8934,17,1,3728,0,-1,0
"7",1,"A","o","      4/7/2018","      19:58:54",3,3.758235,0.057,0.014109,11,0,737157.8326,65,3,6640,0,-1,0
"8",1,"A","o","      4/7/2018","      18:31:27",1,0.827778,0.018,0.005816,15,0,737157.7718,17,1,3759,0,-1,0
"9",1,"A","o","      4/7/2018","      22:13:10",7,2.878882,0.03,0.008572,11,0,737157.9258,49,2,6510,0,-1,0
"10",1,"A","o","      4/7/2018","      20:45:43",5,2.01475,4.507,1.35694,11,0,737157.8651,1,1,4464,0,-1,0
"11",1,"A","o","      4/7/2018","      19:18:04",2,3.03,0.031,0.008492,11,0,737157.8042,49,2,6390,0,-1,0
"12",1,"A","o","      4/7/2018","      22:59:47",8,3.819824,0.024,0.006531,15,0,737157.9582,83,3,8593,0,-1,0
"13",1,"A","o","      4/7/2018","      21:32:21",6,3.276647,0.026,0.00781,15,0,737157.8975,33,2,8263,0,-1,0
"14",1,"A","o","      4/7/2018","      20:04:42",3,3.266125,0.028,0.00682,15,0,737157.8366,83,3,9029,0,-1,0
"15",1,"A","o","      4/7/2018","      18:37:15",1,3.201,0.012,0.004373,15,0,737157.7759,33,2,8317,0,-1,0
"16",1,"A","o","      4/7/2018","      22:18:58",7,3.596118,0.024,0.008477,11,0,737157.9298,65,3,6778,0,-1,0
"17",1,"A","o","      4/7/2018","      20:51:31",5,0.861941,0.022,0.006628,15,0,737157.8691,17,1,3719,0,-1,0
"18",1,"A","o","      4/7/2018","      19:23:53",2,3.817187,0.048,0.012692,11,0,737157.8083,65,3,6604,0,-1,0
"19",1,"A","o","      4/7/2018","      23:05:48",9,1.496529,2.459,0.443891,11,0,737157.9624,1,1,6282,0,-1,0
"20",1,"A","o","      4/7/2018","      21:38:09",6,2.846059,0.045,0.00994,11,0,737157.9015,49,2,6470,0,-1,0
"21",1,"A","o","      4/7/2018","      20:10:42",4,1.646313,3.84,0.805356,11,0,737157.8408,1,1,3966,0,-1,0
"22",1,"A","o","      4/7/2018","      18:43:04",1,3.231375,0.029,0.007822,11,0,737157.7799,49,2,6280,0,-1,0
"23",1,"A","o","      4/7/2018","      22:24:46",7,3.766333,0.028,0.008402,15,0,737157.9339,83,3,8638,0,-1,0
"24",1,"A","o","      4/7/2018","      20:57:19",5,3.370833,0.032,0.008583,15,0,737157.8731,33,2,8189,0,-1,0
"25",1,"A","o","      4/7/2018","      19:29:41",2,2.980625,0.125,0.041839,15,0,737157.8123,83,3,9320,0,-1,0
"26",1,"A","o","      4/7/2018","      23:11:36",9,0.848882,0.028,0.006809,15,0,737157.9664,17,1,3710,0,-1,0
"27",1,"A","o","      4/7/2018","      21:43:57",6,3.596941,0.034,0.01009,11,0,737157.9055,65,3,6775,0,-1,0
"28",1,"A","o","      4/7/2018","      20:16:30",4,0.970412,0.03,0.008775,15,0,737157.8448,17,1,3683,0,-1,0
"29",1,"A","o","      4/7/2018","      18:48:52",1,3.888412,0.045,0.010983,11,0,737157.7839,65,3,6555,0,-1,0
"30",1,"A","o","      4/7/2018","      22:30:47",8,1.776412,4.013,0.881589,11,0,737157.938,1,1,4973,0,-1,0
"31",1,"A","o","      4/7/2018","      21:03:08",5,2.943353,0.032,0.008321,11,0,737157.8772,49,2,6424,0,-1,0
"32",1,"A","o","      4/7/2018","      23:17:24",9,3.312063,0.029,0.007929,15,0,737157.9704,33,2,8241,0,-1,0
"33",1,"A","o","      4/7/2018","      21:49:45",6,3.582312,0.024,0.006258,15,0,737157.9095,83,3,8782,0,-1,0
"34",1,"A","o","      4/7/2018","      20:22:18",4,3.543278,0.03,0.008525,15,0,737157.8488,33,2,8056,0,-1,0
"35",1,"A","o","      4/7/2018","      18:54:40",1,2.367353,0.018,0.004936,15,0,737157.788,83,3,9995,0,-1,0
"36",1,"A","o","      4/7/2018","      22:36:35",8,0.848647,0.021,0.006999,15,0,737157.9421,17,1,3684,0,-1,0
"37",1,"A","o","      4/7/2018","      21:08:57",5,3.65175,0.026,0.008071,11,0,737157.8812,65,3,6730,0,-1,0
"38",1,"A","o","      4/7/2018","      19:41:29",3,0.995222,0.027,0.007871,15,0,737157.8205,17,1,3675,0,-1,0
"39",1,"A","o","      4/7/2018","      23:23:12",9,2.874118,0.032,0.008774,11,0,737157.9744,49,2,6495,0,-1,0
"40",1,"A","o","      4/7/2018","      21:55:45",7,1.617778,3.91,0.773029,11,0,737157.9137,1,1,5467,0,-1,0
"41",1,"A","o","      4/7/2018","      20:28:07",4,2.913706,0.028,0.007744,11,0,737157.8529,49,2,6436,0,-1,0
"42",1,"A","o","      4/7/2018","      19:00:40",2,1.631588,3.625,0.877943,11,0,737157.7921,1,1,5172,0,-1,0
"43",1,"A","o","      4/7/2018","      22:42:23",8,3.20925,0.027,0.007425,15,0,737157.9461,33,2,8314,0,-1,0
"44",1,"A","o","      4/7/2018","      21:14:44",5,3.395313,0.025,0.006838,15,0,737157.8852,83,3,8955,0,-1,0
"45",1,"A","o","      4/7/2018","      19:47:17",3,3.354722,0.037,0.008656,15,0,737157.8245,33,2,8202,0,-1,0
"46",1,"A","o","      4/7/2018","      23:29:00",9,3.491833,0.036,0.008733,11,0,737157.9785,65,3,6835,0,-1,0
"47",1,"A","o","      4/7/2018","      22:01:34",7,0.855,0.036,0.008687,15,0,737157.9178,17,1,3708,0,-1,0
"48",1,"A","o","      4/7/2018","      20:33:55",4,3.617706,0.034,0.008138,11,0,737157.8569,65,3,6748,0,-1,0
"49",1,"A","o","      4/7/2018","      19:06:28",2,0.903118,0.023,0.006566,15,0,737157.7962,17,1,3725,0,-1,0
"50",1,"A","o","      4/7/2018","      22:48:11",8,2.875294,0.024,0.005924,11,0,737157.9501,49,2,6509,0,-1,0
"51",1,"A","o","      4/7/2018","      21:20:44",6,1.818188,4.042,0.959464,11,0,737157.8894,1,1,5925,0,-1,0
"52",1,"A","o","      4/7/2018","      19:53:05",3,2.939444,0.027,0.007493,11,0,737157.8285,49,2,6433,0,-1,0
"53",1,"A","o","      4/7/2018","      23:34:49",9,3.958941,0.029,0.007137,15,0,737157.9825,83,3,8487,0,-1,0
"54",1,"B","i","      4/7/2018","      18:26:01",1,0.937833,0.011,0.003348,11,0,737157.7681,2,1,9516,0,0,-0.5
"55",1,"B","i","      4/7/2018","      20:46:05",5,0.926412,0.011,0.003792,11,0,737157.8653,2,1,9448,0,0,-0.5
"56",1,"B","i","      4/7/2018","      20:40:05",4,2.836941,0.019,0.006108,15,0,737157.8612,84,3,7687,0,0,-0.5
"57",1,"B","i","      4/7/2018","      22:54:21",8,1.070688,0.014,0.003945,11,0,737157.9544,67,3,10367,0,0,-0.5
"58",1,"B","i","      4/7/2018","      20:51:53",5,2.158437,0.014,0.003633,15,0,737157.8694,18,1,14018,0,0,-0.5
"59",1,"B","i","      4/7/2018","      23:00:09",8,3.071706,0.037,0.007671,15,0,737157.9584,84,3,7514,0,0,-0.5
"60",1,"B","i","      4/7/2018","      18:31:49",1,2.104529,0.012,0.003466,15,0,737157.7721,18,1,14159,0,0,-0.5
"61",1,"B","i","      4/7/2018","      20:57:41",5,4.258118,0.022,0.006594,15,0,737157.8734,34,2,10363,0,0,-0.5
"62",1,"B","i","      4/7/2018","      23:06:09",9,0.898333,0.012,0.00289,11,0,737157.9626,2,1,9452,0,0,-0.5
"63",1,"B","i","      4/7/2018","      23:11:58",9,2.195941,0.011,0.002883,15,0,737157.9666,18,1,13852,0,0,-0.5
"64",1,"B","i","      4/7/2018","      18:37:37",1,4.036,0.018,0.004975,15,0,737157.7761,34,2,10550,0,0,-0.5
"65",1,"B","i","      4/7/2018","      23:17:46",9,4.317647,0.032,0.008522,15,0,737157.9707,34,2,10286,0,0,-0.5
"66",1,"B","i","      4/7/2018","      18:49:13",1,1.074235,0.014,0.00407,11,0,737157.7842,67,3,10384,0,0,-0.5
"67",1,"B","i","      4/7/2018","      21:09:17",5,1.07,0.012,0.00363,11,0,737157.8814,67,3,10386,0,0,-0.5
"68",1,"B","i","      4/7/2018","      18:55:02",1,2.786118,0.022,0.006353,15,0,737157.7882,84,3,7706,0,0,-0.5
"69",1,"B","i","      4/7/2018","      19:01:02",2,0.933706,0.012,0.003255,11,0,737157.7924,2,1,9452,0,0,-0.5
"70",1,"B","i","      4/7/2018","      21:15:05",5,2.886056,0.022,0.006254,15,0,737157.8855,84,3,7629,0,0,-0.5
"71",1,"B","i","      4/7/2018","      23:29:22",9,1.10025,0.009,0.002517,11,0,737157.9787,67,3,10375,0,0,-0.5
"72",1,"B","i","      4/7/2018","      19:59:15",3,1.207889,0.013,0.003708,11,0,737157.8328,67,3,10245,0,0,-0.5
"73",1,"B","i","      4/7/2018","      19:06:50",2,2.17025,0.015,0.004074,15,0,737157.7964,18,1,14052,0,0,-0.5
"74",1,"B","i","      4/7/2018","      20:11:04",4,0.915706,0.013,0.003405,11,0,737157.841,2,1,9451,0,0,-0.5
"75",1,"B","i","      4/7/2018","      21:21:06",6,0.930294,0.017,0.004727,11,0,737157.8897,2,1,9427,0,0,-0.5
"76",1,"B","i","      4/7/2018","      20:16:52",4,2.193437,0.009,0.002607,15,0,737157.845,18,1,13988,0,0,-0.5
"77",1,"B","i","      4/7/2018","      22:25:08",7,2.914647,0.024,0.006344,15,0,737157.9341,84,3,7632,0,0,-0.5
"78",1,"B","i","      4/7/2018","      21:26:54",6,2.147563,0.013,0.003386,15,0,737157.8937,18,1,14026,0,0,-0.5
"79",1,"B","i","      4/7/2018","      23:35:10",9,3.021111,0.031,0.008217,15,0,737157.9828,84,3,7548,0,0,-0.5
"80",1,"B","i","      4/7/2018","      22:31:08",8,0.8935,0.014,0.003073,11,0,737157.9383,2,1,9451,0,0,-0.5
"81",1,"B","i","      4/7/2018","      21:32:43",6,4.221647,0.024,0.007818,15,0,737157.8977,34,2,10383,0,0,-0.5
"82",1,"B","i","      4/7/2018","      22:07:44",7,4.349941,0.027,0.008489,15,0,737157.922,34,2,10263,0,0,-0.5
"83",1,"B","i","      4/7/2018","      20:05:03",3,2.767722,0.024,0.007458,15,0,737157.8368,84,3,7714,0,0,-0.5
"84",1,"B","i","      4/7/2018","      19:12:38",2,4.314059,0.025,0.007521,15,0,737157.8004,34,2,10302,0,0,-0.5
"85",1,"B","i","      4/7/2018","      20:22:40",4,4.441647,0.03,0.007193,15,0,737157.8491,34,2,10201,0,0,-0.5
"86",1,"B","i","      4/7/2018","      19:24:14",2,1.138833,0.016,0.003792,11,0,737157.8085,67,3,10319,0,0,-0.5
"87",1,"B","i","      4/7/2018","      22:36:56",8,2.188611,0.011,0.003648,15,0,737157.9423,18,1,13872,0,0,-0.5
"88",1,"B","i","      4/7/2018","      21:44:19",6,1.132235,0.011,0.003289,11,0,737157.9058,67,3,10318,0,0,-0.5
"89",1,"B","i","      4/7/2018","      22:19:19",7,1.180778,0.012,0.0033,11,0,737157.9301,67,3,10258,0,0,-0.5
"90",1,"B","i","      4/7/2018","      21:50:07",6,2.831471,0.029,0.00652,15,0,737157.9098,84,3,7693,0,0,-0.5
"91",1,"B","i","      4/7/2018","      21:56:07",7,0.921941,0.011,0.00303,11,0,737157.914,2,1,9434,0,0,-0.5
"92",1,"B","i","      4/7/2018","      19:30:03",2,2.518118,0.027,0.008046,15,0,737157.8125,84,3,7947,0,0,-0.5
"93",1,"B","i","      4/7/2018","      20:34:16",4,1.159778,0.012,0.00337,11,0,737157.8571,67,3,10293,0,0,-0.5
"94",1,"B","i","      4/7/2018","      22:42:45",8,4.176059,0.021,0.006339,15,0,737157.9464,34,2,10421,0,0,-0.5
"95",1,"B","i","      4/7/2018","      22:01:55",7,2.170444,0.012,0.003518,15,0,737157.918,18,1,13913,0,0,-0.5
"96",1,"B","i","      4/7/2018","      19:36:03",3,0.932471,0.01,0.002577,11,0,737157.8167,2,1,9451,0,0,-0.5
"97",1,"B","i","      4/7/2018","      19:41:51",3,2.396125,0.019,0.004829,15,0,737157.8207,18,1,13678,0,0,-0.5
"98",1,"B","i","      4/7/2018","      19:47:39",3,4.280412,0.042,0.009579,15,0,737157.8248,34,2,10339,0,0,-0.5
"99",1,"C","o","      4/7/2018","      21:27:16",6,4.526,0.048,0.013468,15,0,737157.8939,19,1,5503,0,1,0
"100",1,"C","o","      4/7/2018","      18:26:23",1,3.460875,0.022,0.005898,11,0,737157.7683,3,1,14029,0,1,0
"101",1,"C","o","      4/7/2018","      20:40:26",4,1.935611,0.018,0.00473,15,0,737157.8614,85,3,10059,0,1,0
"102",1,"C","o","      4/7/2018","      18:37:59",1,1.520824,0.009,0.002007,15,0,737157.7764,35,2,13121,0,1,0
"103",1,"C","o","      4/7/2018","      20:46:27",5,3.521588,0.018,0.005466,11,0,737157.8656,3,1,13580,0,1,0
"104",1,"C","o","      4/7/2018","      22:54:43",8,3.563059,0.021,0.006722,11,0,737157.9547,68,3,10581,0,1,0
"105",1,"C","o","      4/7/2018","      18:43:48",1,6.497235,0.027,0.008793,11,0,737157.7804,51,2,7891,0,1,0
"106",1,"C","o","      4/7/2018","      20:52:15",5,4.551765,0.078,0.019594,15,0,737157.8696,19,1,5500,0,1,0
"107",1,"C","o","      4/7/2018","      23:00:31",8,1.902813,0.017,0.004861,15,0,737157.9587,85,3,10123,0,1,0
"108",1,"C","o","      4/7/2018","      20:58:04",5,1.380437,0.01,0.003224,15,0,737157.8737,35,2,13342,0,1,0
"109",1,"C","o","      4/7/2018","      21:33:04",6,1.275294,0.009,0.002733,15,0,737157.898,35,2,13477,0,1,0
"110",1,"C","o","      4/7/2018","      18:32:11",1,4.563187,0.04,0.013477,15,0,737157.7724,19,1,5497,0,1,0
"111",1,"C","o","      4/7/2018","      21:38:52",6,6.375125,0.062,0.016508,11,0,737157.902,51,2,7831,0,1,0
"112",1,"C","o","      4/7/2018","      21:44:40",6,3.546611,0.021,0.00626,11,0,737157.906,68,3,10708,0,1,0
"113",1,"C","o","      4/7/2018","      18:49:35",1,3.503471,0.024,0.006492,11,0,737157.7844,68,3,11006,0,1,0
"114",1,"C","o","      4/7/2018","      23:06:31",9,1.885063,0.021,0.006455,11,0,737157.9629,3,1,15643,0,1,0
"115",1,"C","o","      4/7/2018","      21:03:51",5,6.485875,0.049,0.015539,11,0,737157.8777,51,2,7780,0,1,0
"116",1,"C","o","      4/7/2018","      23:12:19",9,4.502833,0.071,0.017574,15,0,737157.9669,19,1,5494,0,1,0
"117",1,"C","o","      4/7/2018","      19:01:24",2,3.504706,0.015,0.004441,11,0,737157.7926,3,1,13746,0,1,0
"118",1,"C","o","      4/7/2018","      21:09:39",5,3.712412,0.021,0.005363,11,0,737157.8817,68,3,10627,0,1,0
"119",1,"C","o","      4/7/2018","      23:18:08",9,1.252647,0.007,0.002178,15,0,737157.9709,35,2,13538,0,1,0
"120",1,"C","o","      4/7/2018","      21:15:27",5,1.906706,0.014,0.00421,15,0,737157.8857,85,3,10126,0,1,0
"121",1,"C","o","      4/7/2018","      21:50:28",6,1.839556,0.011,0.003347,15,0,737157.91,85,3,10198,0,1,0
"122",1,"C","o","      4/7/2018","      21:56:29",7,2.066765,0.017,0.004055,11,0,737157.9142,3,1,15416,0,1,0
"123",1,"C","o","      4/7/2018","      18:55:24",1,2.079824,0.018,0.00548,15,0,737157.7885,85,3,9881,0,1,0
"124",1,"C","o","      4/7/2018","      19:07:12",2,4.772,0.046,0.01246,15,0,737157.7967,19,1,5422,0,1,0
"125",1,"C","o","      4/7/2018","      23:23:56",9,6.398882,0.062,0.016454,11,0,737157.975,51,2,7831,0,1,0
"126",1,"C","o","      4/7/2018","      21:21:28",6,3.520824,0.02,0.005053,11,0,737157.8899,3,1,13534,0,1,0
"127",1,"C","o","      4/7/2018","      23:29:44",9,3.760294,0.027,0.007515,11,0,737157.979,68,3,10361,0,1,0
"128",1,"C","o","      4/7/2018","      22:02:17",7,4.510059,0.048,0.012163,15,0,737157.9183,19,1,5500,0,1,0
"129",1,"C","o","      4/7/2018","      22:08:05",7,1.289882,0.008,0.002233,15,0,737157.9223,35,2,13491,0,1,0
"130",1,"C","o","      4/7/2018","      22:13:53",7,6.486778,0.048,0.011685,11,0,737157.9263,51,2,7902,0,1,0
"131",1,"C","o","      4/7/2018","      19:13:00",2,1.545625,0.01,0.002473,15,0,737157.8007,35,2,13118,0,1,0
"132",1,"C","o","      4/7/2018","      23:35:33",9,1.875188,0.02,0.005076,15,0,737157.983,85,3,10155,0,1,0
"133",1,"C","o","      4/7/2018","      22:19:41",7,3.581353,0.015,0.004499,11,0,737157.9303,68,3,10625,0,1,0
"134",1,"C","o","      4/7/2018","      19:18:48",2,6.395235,0.042,0.013208,11,0,737157.8047,51,2,7822,0,1,0
"135",1,"C","o","      4/7/2018","      19:24:36",2,3.770294,0.025,0.005807,11,0,737157.8088,68,3,10729,0,1,0
"136",1,"C","o","      4/7/2018","      22:25:30",7,1.881765,0.011,0.002905,15,0,737157.9344,85,3,10150,0,1,0
"137",1,"C","o","      4/7/2018","      19:30:24",2,2.323889,0.033,0.009658,15,0,737157.8128,85,3,9591,0,1,0
"138",1,"C","o","      4/7/2018","      22:31:30",8,2.295938,0.01,0.003235,11,0,737157.9385,3,1,15052,0,1,0
"139",1,"C","o","      4/7/2018","      20:28:50",4,6.36375,0.042,0.01422,11,0,737157.8534,51,2,7844,0,1,0
"140",1,"C","o","      4/7/2018","      22:37:18",8,4.455278,0.052,0.015157,15,0,737157.9426,19,1,5521,0,1,0
"141",1,"C","o","      4/7/2018","      19:36:25",3,3.556706,0.016,0.004687,11,0,737157.817,3,1,13629,0,1,0
"142",1,"C","o","      4/7/2018","      19:48:01",3,1.556529,0.009,0.002427,15,0,737157.825,35,2,13008,0,1,0
"143",1,"C","o","      4/7/2018","      20:17:14",4,4.746,0.04,0.012135,15,0,737157.8453,19,1,5421,0,1,0
"144",1,"C","o","      4/7/2018","      19:59:37",3,3.771529,0.025,0.007509,11,0,737157.8331,68,3,10681,0,1,0
"145",1,"C","o","      4/7/2018","      20:34:38",4,3.540588,0.018,0.004664,11,0,737157.8574,68,3,10830,0,1,0
"146",1,"C","o","      4/7/2018","      22:43:06",8,1.216611,0.007,0.001975,15,0,737157.9466,35,2,13546,0,1,0
"147",1,"C","o","      4/7/2018","      19:42:12",3,4.902444,0.037,0.010467,15,0,737157.821,19,1,5366,0,1,0
"148",1,"C","o","      4/7/2018","      22:48:54",8,6.481944,0.047,0.015078,11,0,737157.9506,51,2,7794,0,1,0
"149",1,"C","o","      4/7/2018","      20:23:03",4,1.541875,0.012,0.003117,15,0,737157.8493,35,2,13060,0,1,0
"150",1,"C","o","      4/7/2018","      19:53:49",3,6.553812,0.046,0.0136,11,0,737157.829,51,2,7756,0,1,0
"151",1,"C","o","      4/7/2018","      20:05:25",3,2.006471,0.02,0.004862,15,0,737157.8371,85,3,9961,0,1,0
"152",1,"C","o","      4/7/2018","      20:11:26",4,3.517882,0.015,0.004152,11,0,737157.8413,3,1,13624,0,1,0
"153",1,"D","i","      4/7/2018","      20:40:48",4,0.324875,0.006,0.001455,15,0,737157.8617,86,3,11894,0,0,0.5
"154",1,"D","i","      4/7/2018","      21:27:38",6,3.127706,0.031,0.007951,15,0,737157.8942,20,1,7642,0,0,0.5
"155",1,"D","i","      4/7/2018","      20:52:37",5,3.386588,0.032,0.009514,15,0,737157.8699,20,1,7468,0,0,0.5
"156",1,"D","i","      4/7/2018","      21:39:14",6,4.878176,0.022,0.006748,11,0,737157.9022,52,2,13440,0,0,0.5
"157",1,"D","i","      4/7/2018","      20:46:48",5,7.473944,0.062,0.018187,11,0,737157.8658,4,1,8904,0,0,0.5
"158",1,"D","i","      4/7/2018","      21:50:50",6,0.27225,0.011,0.00272,15,0,737157.9103,86,3,11962,0,0,0.5
"159",1,"D","i","      4/7/2018","      23:00:52",8,0.278444,0.006,0.001617,15,0,737157.9589,86,3,11964,0,0,0.5
"160",1,"D","i","      4/7/2018","      21:04:13",5,4.903941,0.025,0.0063,11,0,737157.8779,52,2,13454,0,0,0.5
"161",1,"D","i","      4/7/2018","      23:12:42",9,3.230812,0.044,0.010803,15,0,737157.9672,20,1,7513,0,0,0.5
"162",1,"D","i","      4/7/2018","      21:10:01",5,0.413562,0.007,0.00219,11,0,737157.882,69,3,11591,0,0,0.5
"163",1,"D","i","      4/7/2018","      21:45:02",6,0.460563,0.008,0.002581,11,0,737157.9063,69,3,11513,0,0,0.5
"164",1,"D","i","      4/7/2018","      22:55:04",8,0.455,0.011,0.002635,11,0,737157.9549,69,3,11623,0,0,0.5
"165",1,"D","i","      4/7/2018","      23:24:18",9,5.014167,0.031,0.008753,11,0,737157.9752,52,2,13239,0,0,0.5
"166",1,"D","i","      4/7/2018","      21:56:51",7,7.226938,0.049,0.012767,11,0,737157.9145,4,1,9023,0,0,0.5
"167",1,"D","i","      4/7/2018","      23:06:53",9,7.034706,0.042,0.012633,11,0,737157.9631,4,1,9109,0,0,0.5
"168",1,"D","i","      4/7/2018","      22:02:39",7,3.220375,0.026,0.007375,15,0,737157.9185,20,1,7547,0,0,0.5
"169",1,"D","i","      4/7/2018","      22:08:49",7,1.502125,0.017,0.003931,15,0,737157.9228,37,2,9482,0,0,0.5
"170",1,"D","i","      4/7/2018","      21:15:49",5,0.271353,0.005,0.00173,15,0,737157.886,86,3,11956,0,0,0.5
"171",1,"D","i","      4/7/2018","      21:21:49",6,7.491833,0.052,0.015455,11,0,737157.8902,4,1,8895,0,0,0.5
"172",1,"D","i","      4/7/2018","      23:30:06",9,0.474176,0.01,0.002698,11,0,737157.9792,69,3,11595,0,0,0.5
"173",1,"D","i","      4/7/2018","      19:13:43",2,1.373778,0.013,0.003173,15,0,737157.8012,37,2,9634,0,0,0.5
"174",1,"D","i","      4/7/2018","      23:35:54",9,0.262,0.009,0.002062,15,0,737157.9833,86,3,11976,0,0,0.5
"175",1,"D","i","      4/7/2018","      18:26:45",1,7.659412,0.048,0.0149,11,0,737157.7686,4,1,8913,0,0,0.5
"176",1,"D","i","      4/7/2018","      18:32:33",1,3.462882,0.021,0.005442,15,0,737157.7726,20,1,7432,0,0,0.5
"177",1,"D","i","      4/7/2018","      22:14:16",7,4.908294,0.019,0.005205,11,0,737157.9266,52,2,13371,0,0,0.5
"178",1,"D","i","      4/7/2018","      18:44:09",1,4.591,0.029,0.007211,11,0,737157.7807,52,2,13924,0,0,0.5
"179",1,"D","i","      4/7/2018","      19:19:10",2,4.701412,0.019,0.004976,11,0,737157.805,52,2,13747,0,0,0.5
"180",1,"D","i","      4/7/2018","      22:31:52",8,7.152059,0.06,0.015126,11,0,737157.9388,4,1,9048,0,0,0.5
"181",1,"D","i","      4/7/2018","      22:37:40",8,3.159063,0.034,0.008465,15,0,737157.9428,20,1,7581,0,0,0.5
"182",1,"D","i","      4/7/2018","      22:20:03",7,0.482706,0.01,0.002889,11,0,737157.9306,69,3,11601,0,0,0.5
"183",1,"D","i","      4/7/2018","      18:49:57",1,0.327765,0.007,0.002306,11,0,737157.7847,69,3,11652,0,0,0.5
"184",1,"D","i","      4/7/2018","      19:24:58",2,0.379625,0.007,0.001962,11,0,737157.809,69,3,11568,0,0,0.5
"185",1,"D","i","      4/7/2018","      19:48:44",3,1.399167,0.012,0.003204,15,0,737157.8255,37,2,9346,0,0,0.5
"186",1,"D","i","      4/7/2018","      19:30:46",2,0.418118,0.008,0.002571,15,0,737157.813,86,3,11752,0,0,0.5
"187",1,"D","i","      4/7/2018","      22:25:53",7,0.278875,0.006,0.001962,15,0,737157.9346,86,3,11961,0,0,0.5
"188",1,"D","i","      4/7/2018","      18:55:45",1,0.480235,0.009,0.002386,15,0,737157.7887,86,3,11653,0,0,0.5
"189",1,"D","i","      4/7/2018","      22:43:50",8,1.429941,0.012,0.003112,15,0,737157.9471,37,2,9477,0,0,0.5
"190",1,"D","i","      4/7/2018","      20:29:12",4,4.824765,0.019,0.005804,11,0,737157.8536,52,2,13559,0,0,0.5
"191",1,"D","i","      4/7/2018","      20:23:45",4,1.484056,0.015,0.003933,15,0,737157.8498,37,2,9265,0,0,0.5
"192",1,"D","i","      4/7/2018","      19:36:46",3,7.521611,0.063,0.017657,11,0,737157.8172,4,1,8901,0,0,0.5
"193",1,"D","i","      4/7/2018","      23:18:51",9,1.484882,0.014,0.003444,15,0,737157.9714,37,2,9511,0,0,0.5
"194",1,"D","i","      4/7/2018","      18:38:42",1,1.291222,0.01,0.003116,15,0,737157.7769,37,2,9710,0,0,0.5
"195",1,"D","i","      4/7/2018","      19:01:45",2,7.436778,0.055,0.012379,11,0,737157.7929,4,1,8949,0,0,0.5
"196",1,"D","i","      4/7/2018","      19:54:11",3,4.887235,0.015,0.004161,11,0,737157.8293,52,2,13536,0,0,0.5
"197",1,"D","i","      4/7/2018","      19:42:35",3,3.528765,0.036,0.008757,15,0,737157.8212,20,1,7382,0,0,0.5
"198",1,"D","i","      4/7/2018","      19:07:33",2,3.658278,0.022,0.006772,15,0,737157.7969,20,1,7298,0,0,0.5
"199",1,"D","i","      4/7/2018","      20:17:36",4,3.782529,0.032,0.007609,15,0,737157.8456,20,1,7216,0,0,0.5
"200",1,"D","i","      4/7/2018","      20:05:47",3,0.369529,0.005,0.001586,15,0,737157.8374,86,3,11817,0,0,0.5
"201",1,"D","i","      4/7/2018","      20:35:00",4,0.42175,0.009,0.00262,11,0,737157.8576,69,3,11708,0,0,0.5
"202",1,"D","i","      4/7/2018","      22:49:16",8,4.990471,0.03,0.007843,11,0,737157.9509,52,2,13302,0,0,0.5
"203",1,"D","i","      4/7/2018","      20:58:46",5,1.405278,0.01,0.003121,15,0,737157.8741,37,2,9594,0,0,0.5
"204",1,"D","i","      4/7/2018","      19:59:59",3,0.425,0.007,0.002098,11,0,737157.8333,69,3,11499,0,0,0.5
"205",1,"D","i","      4/7/2018","      20:11:47",4,7.501111,0.035,0.010375,11,0,737157.8415,4,1,8909,0,0,0.5
"206",1,"D","i","      4/7/2018","      21:33:48",6,1.428765,0.015,0.003767,15,0,737157.8985,37,2,9577,0,0,0.5
"207",2,"A","o","      4/7/2018","      18:45:36",1,0.722562,0.01,0.002804,11,0,737157.7817,56,2,8216,2,-0.707,-0.707
"208",2,"A","o","      4/7/2018","      23:25:45",9,0.769625,0.014,0.003612,11,0,737157.9762,56,2,8200,2,-0.707,-0.707
"209",2,"A","o","      4/7/2018","      19:42:56",3,4.707118,0.063,0.016473,15,0,737157.8215,21,1,4482,2,-0.707,-0.707
"210",2,"A","o","      4/7/2018","      22:15:42",7,0.797412,0.014,0.003954,11,0,737157.9276,56,2,8182,2,-0.707,-0.707
"211",2,"A","o","      4/7/2018","      19:20:37",2,0.759,0.021,0.005477,11,0,737157.806,56,2,8176,2,-0.707,-0.707
"212",2,"A","o","      4/7/2018","      19:55:38",3,0.737,0.011,0.003354,11,0,737157.8303,56,2,8240,2,-0.707,-0.707
"213",2,"A","o","      4/7/2018","      21:05:40",5,0.675353,0.013,0.003823,11,0,737157.8789,56,2,8291,2,-0.707,-0.707
"214",2,"A","o","      4/7/2018","      22:50:43",8,0.841294,0.013,0.003216,11,0,737157.9519,56,2,8150,2,-0.707,-0.707
"215",2,"A","o","      4/7/2018","      23:13:03",9,4.669118,0.063,0.013914,15,0,737157.9674,21,1,4512,2,-0.707,-0.707
"216",2,"A","o","      4/7/2018","      19:48:23",3,0.641176,0.005,0.001629,15,0,737157.8253,36,2,12990,2,-0.707,-0.707
"217",2,"A","o","      4/7/2018","      22:55:26",8,3.267471,0.019,0.005467,11,0,737157.9552,70,3,15420,2,-0.707,-0.707
"218",2,"A","o","      4/7/2018","      18:27:07",1,3.482,0.031,0.008008,11,0,737157.7688,5,1,6244,2,-0.707,-0.707
"219",2,"A","o","      4/7/2018","      20:30:39",4,0.693294,0.014,0.003869,11,0,737157.8546,56,2,8276,2,-0.707,-0.707
"220",2,"A","o","      4/7/2018","      18:32:54",1,4.525111,0.076,0.018003,15,0,737157.7728,21,1,4656,2,-0.707,-0.707
"221",2,"A","o","      4/7/2018","      19:13:22",2,0.638588,0.007,0.002063,15,0,737157.8009,36,2,13007,2,-0.707,-0.707
"222",2,"A","o","      4/7/2018","      22:32:14",8,4.067765,0.067,0.01713,11,0,737157.9391,5,1,6009,2,-0.707,-0.707
"223",2,"A","o","      4/7/2018","      22:08:27",7,0.770059,0.007,0.002076,15,0,737157.9225,36,2,11667,2,-0.707,-0.707
"224",2,"A","o","      4/7/2018","      23:07:15",9,3.976412,0.034,0.007517,11,0,737157.9634,5,1,6083,2,-0.707,-0.707
"225",2,"A","o","      4/7/2018","      18:38:21",1,0.475,0.006,0.001506,15,0,737157.7766,36,2,13250,2,-0.707,-0.707
"226",2,"A","o","      4/7/2018","      22:20:25",7,3.563412,0.015,0.004032,11,0,737157.9308,70,3,15031,2,-0.707,-0.707
"227",2,"A","o","      4/7/2018","      19:07:55",2,4.635588,0.053,0.014543,15,0,737157.7972,21,1,4629,2,-0.707,-0.707
"228",2,"A","o","      4/7/2018","      22:26:13",7,6.043,0.124,0.030854,15,0,737157.9349,87,3,3456,2,-0.707,-0.707
"229",2,"A","o","      4/7/2018","      18:50:19",1,3.456562,0.017,0.00498,11,0,737157.7849,70,3,15164,2,-0.707,-0.707
"230",2,"A","o","      4/7/2018","      23:36:16",9,5.816412,0.105,0.033792,15,0,737157.9835,87,3,3509,2,-0.707,-0.707
"231",2,"A","o","      4/7/2018","      21:33:26",6,0.681235,0.01,0.002705,15,0,737157.8982,36,2,11816,2,-0.707,-0.707
"232",2,"A","o","      4/7/2018","      21:40:41",6,0.729059,0.018,0.004038,11,0,737157.9033,56,2,8249,2,-0.707,-0.707
"233",2,"A","o","      4/7/2018","      23:01:14",8,6.036444,0.15,0.03505,15,0,737157.9592,87,3,3457,2,-0.707,-0.707
"234",2,"A","o","      4/7/2018","      20:58:25",5,0.734353,0.01,0.002668,15,0,737157.8739,36,2,12832,2,-0.707,-0.707
"235",2,"A","o","      4/7/2018","      19:25:20",2,3.659,0.011,0.003335,11,0,737157.8093,70,3,14905,2,-0.707,-0.707
"236",2,"A","o","      4/7/2018","      22:38:02",8,4.656765,0.054,0.018064,15,0,737157.9431,21,1,4511,2,-0.707,-0.707
"237",2,"A","o","      4/7/2018","      22:43:28",8,0.685765,0.009,0.002333,15,0,737157.9469,36,2,11766,2,-0.707,-0.707
"238",2,"A","o","      4/7/2018","      23:18:29",9,0.745353,0.009,0.00209,15,0,737157.9712,36,2,11666,2,-0.707,-0.707
"239",2,"A","o","      4/7/2018","      20:12:10",4,3.944187,0.041,0.013517,11,0,737157.8418,5,1,6047,2,-0.707,-0.707
"240",2,"A","o","      4/7/2018","      20:17:57",4,4.746294,0.066,0.021068,15,0,737157.8458,21,1,4471,2,-0.707,-0.707
"241",2,"A","o","      4/7/2018","      21:10:23",5,3.534471,0.02,0.004584,11,0,737157.8822,70,3,15068,2,-0.707,-0.707
"242",2,"A","o","      4/7/2018","      20:23:24",4,0.870118,0.008,0.002027,15,0,737157.8496,36,2,12645,2,-0.707,-0.707
"243",2,"A","o","      4/7/2018","      21:57:12",7,4.000556,0.05,0.01395,11,0,737157.9147,5,1,6065,2,-0.707,-0.707
"244",2,"A","o","      4/7/2018","      19:02:07",2,3.630687,0.037,0.009428,11,0,737157.7931,5,1,6127,2,-0.707,-0.707
"245",2,"A","o","      4/7/2018","      23:30:27",9,3.233944,0.014,0.003621,11,0,737157.9795,70,3,15452,2,-0.707,-0.707
"246",2,"A","o","      4/7/2018","      20:52:58",5,4.611706,0.079,0.020374,15,0,737157.8701,21,1,4512,2,-0.707,-0.707
"247",2,"A","o","      4/7/2018","      18:56:07",1,6.481235,0.144,0.032765,15,0,737157.789,87,3,3350,2,-0.707,-0.707
"248",2,"A","o","      4/7/2018","      22:03:01",7,4.600176,0.062,0.017034,15,0,737157.9188,21,1,4518,2,-0.707,-0.707
"249",2,"A","o","      4/7/2018","      20:00:21",3,3.734706,0.018,0.005543,11,0,737157.8336,70,3,14819,2,-0.707,-0.707
"250",2,"A","o","      4/7/2018","      21:45:24",6,3.581176,0.013,0.004172,11,0,737157.9065,70,3,15009,2,-0.707,-0.707
"251",2,"A","o","      4/7/2018","      21:27:59",6,4.562412,0.059,0.016707,15,0,737157.8944,21,1,4645,2,-0.707,-0.707
"252",2,"A","o","      4/7/2018","      20:41:10",4,6.284647,0.137,0.03564,15,0,737157.8619,87,3,3397,2,-0.707,-0.707
"253",2,"A","o","      4/7/2018","      20:47:11",5,3.903062,0.045,0.012075,11,0,737157.8661,5,1,6097,2,-0.707,-0.707
"254",2,"A","o","      4/7/2018","      19:37:09",3,3.852063,0.035,0.010016,11,0,737157.8175,5,1,6048,2,-0.707,-0.707
"255",2,"A","o","      4/7/2018","      19:31:08",2,6.509,0.177,0.043002,15,0,737157.8133,87,3,3351,2,-0.707,-0.707
"256",2,"A","o","      4/7/2018","      20:06:09",3,6.235529,0.116,0.03098,15,0,737157.8376,87,3,3411,2,-0.707,-0.707
"257",2,"A","o","      4/7/2018","      21:22:12",6,4.015,0.032,0.009158,11,0,737157.8904,5,1,6040,2,-0.707,-0.707
"258",2,"A","o","      4/7/2018","      21:16:11",5,6.091588,0.09,0.02767,15,0,737157.8862,87,3,3441,2,-0.707,-0.707
"259",2,"A","o","      4/7/2018","      21:51:12",6,5.959941,0.094,0.027727,15,0,737157.9106,87,3,3459,2,-0.707,-0.707
"260",2,"A","o","      4/7/2018","      20:35:22",4,3.719,0.021,0.005842,11,0,737157.8579,70,3,14841,2,-0.707,-0.707
"261",2,"B","i","      4/7/2018","      18:39:04",1,0.543647,0.006,0.001902,15,0,737157.7771,38,2,12548,2,0.353,-0.353
"262",2,"B","i","      4/7/2018","      22:55:48",8,1.067875,0.008,0.002335,11,0,737157.9554,72,3,19775,2,0.353,-0.353
"263",2,"B","i","      4/7/2018","      22:44:12",8,0.576941,0.006,0.001886,15,0,737157.9474,38,2,12678,2,0.353,-0.353
"264",2,"B","i","      4/7/2018","      23:01:36",8,0.416937,0.011,0.003316,15,0,737157.9594,88,3,10391,2,0.353,-0.353
"265",2,"B","i","      4/7/2018","      23:36:37",9,0.392471,0.012,0.003145,15,0,737157.9838,88,3,10420,2,0.353,-0.353
"266",2,"B","i","      4/7/2018","      22:09:10",7,0.673368,0.006,0.001571,15,0,737157.923,38,2,12518,2,0.353,-0.353
"267",2,"B","i","      4/7/2018","      19:14:05",2,0.633,0.007,0.002449,15,0,737157.8014,38,2,12481,2,0.353,-0.353
"268",2,"B","i","      4/7/2018","      23:30:50",9,1.13975,0.007,0.002145,11,0,737157.9797,72,3,19594,2,0.353,-0.353
"269",2,"B","i","      4/7/2018","      22:38:24",8,0.118529,0.008,0.002125,15,0,737157.9433,22,1,9774,2,0.353,-0.353
"270",2,"B","i","      4/7/2018","      22:14:37",7,2.605588,0.023,0.006433,11,0,737157.9268,53,2,9524,2,0.353,-0.353
"271",2,"B","i","      4/7/2018","      19:19:32",2,2.366941,0.018,0.004892,11,0,737157.8052,53,2,9941,2,0.353,-0.353
"272",2,"B","i","      4/7/2018","      20:59:08",5,0.647562,0.007,0.002128,15,0,737157.8744,38,2,12494,2,0.353,-0.353
"273",2,"B","i","      4/7/2018","      18:33:16",1,0.140588,0.007,0.002293,15,0,737157.7731,22,1,9818,2,0.353,-0.353
"274",2,"B","i","      4/7/2018","      19:08:17",2,0.167235,0.006,0.001715,15,0,737157.7974,22,1,9785,2,0.353,-0.353
"275",2,"B","i","      4/7/2018","      18:27:28",1,2.000059,0.023,0.005889,11,0,737157.7691,6,1,8927,2,0.353,-0.353
"276",2,"B","i","      4/7/2018","      22:20:47",7,1.20675,0.006,0.001693,11,0,737157.9311,72,3,19535,2,0.353,-0.353
"277",2,"B","i","      4/7/2018","      23:24:39",9,2.62,0.016,0.005172,11,0,737157.9755,53,2,9402,2,0.353,-0.353
"278",2,"B","i","      4/7/2018","      19:43:18",3,0.197412,0.009,0.002476,15,0,737157.8217,22,1,9742,2,0.353,-0.353
"279",2,"B","i","      4/7/2018","      22:26:35",7,0.380882,0.008,0.002118,15,0,737157.9351,88,3,10368,2,0.353,-0.353
"280",2,"B","i","      4/7/2018","      21:57:34",7,2.013,0.02,0.006334,11,0,737157.915,6,1,8042,2,0.353,-0.353
"281",2,"B","i","      4/7/2018","      23:13:25",9,0.116125,0.007,0.001784,15,0,737157.9677,22,1,9771,2,0.353,-0.353
"282",2,"B","i","      4/7/2018","      19:49:06",3,0.610125,0.011,0.002419,15,0,737157.8258,38,2,12286,2,0.353,-0.353
"283",2,"B","i","      4/7/2018","      20:53:20",5,0.140882,0.008,0.002147,15,0,737157.8704,22,1,9789,2,0.353,-0.353
"284",2,"B","i","      4/7/2018","      22:32:35",8,2.011944,0.019,0.005866,11,0,737157.9393,6,1,7970,2,0.353,-0.353
"285",2,"B","i","      4/7/2018","      22:03:22",7,0.131444,0.012,0.002617,15,0,737157.919,22,1,9775,2,0.353,-0.353
"286",2,"B","i","      4/7/2018","      21:34:09",6,0.611588,0.008,0.002093,15,0,737157.8987,38,2,12567,2,0.353,-0.353
"287",2,"B","i","      4/7/2018","      21:04:35",5,2.526471,0.023,0.006074,11,0,737157.8782,53,2,9638,2,0.353,-0.353
"288",2,"B","i","      4/7/2018","      19:02:29",2,2.003278,0.013,0.00377,11,0,737157.7934,6,1,8764,2,0.353,-0.353
"289",2,"B","i","      4/7/2018","      22:49:38",8,2.603062,0.014,0.003642,11,0,737157.9511,53,2,9489,2,0.353,-0.353
"290",2,"B","i","      4/7/2018","      20:12:31",4,2.144353,0.017,0.004949,11,0,737157.842,6,1,8209,2,0.353,-0.353
"291",2,"B","i","      4/7/2018","      23:07:36",9,1.983,0.025,0.006671,11,0,737157.9636,6,1,7934,2,0.353,-0.353
"292",2,"B","i","      4/7/2018","      18:56:29",1,0.338875,0.011,0.00268,15,0,737157.7892,88,3,10436,2,0.353,-0.353
"293",2,"B","i","      4/7/2018","      20:41:32",4,0.329765,0.012,0.003231,15,0,737157.8622,88,3,10401,2,0.353,-0.353
"294",2,"B","i","      4/7/2018","      19:37:30",3,2.104941,0.014,0.003733,11,0,737157.8177,6,1,8449,2,0.353,-0.353
"295",2,"B","i","      4/7/2018","      20:47:32",5,2.083588,0.017,0.004611,11,0,737157.8663,6,1,8167,2,0.353,-0.353
"296",2,"B","i","      4/7/2018","      18:44:32",1,2.352562,0.017,0.004732,11,0,737157.7809,53,2,9972,2,0.353,-0.353
"297",2,"B","i","      4/7/2018","      20:18:19",4,0.182588,0.006,0.002181,15,0,737157.8461,22,1,9748,2,0.353,-0.353
"298",2,"B","i","      4/7/2018","      18:50:40",1,0.905316,0.007,0.001945,11,0,737157.7852,72,3,20262,2,0.353,-0.353
"299",2,"B","i","      4/7/2018","      21:28:21",6,0.123235,0.008,0.002611,15,0,737157.8947,22,1,9791,2,0.353,-0.353
"300",2,"B","i","      4/7/2018","      20:29:34",4,2.310353,0.014,0.004847,11,0,737157.8539,53,2,9841,2,0.353,-0.353
"301",2,"B","i","      4/7/2018","      20:00:42",3,1.170611,0.009,0.002227,11,0,737157.8338,72,3,19601,2,0.353,-0.353
"302",2,"B","i","      4/7/2018","      21:10:44",5,1.109889,0.007,0.001745,11,0,737157.8825,72,3,19784,2,0.353,-0.353
"303",2,"B","i","      4/7/2018","      19:54:32",3,2.453667,0.016,0.004703,11,0,737157.8295,53,2,9717,2,0.353,-0.353
"304",2,"B","i","      4/7/2018","      19:25:41",2,1.038,0.004,0.001372,11,0,737157.8095,72,3,20156,2,0.353,-0.353
"305",2,"B","i","      4/7/2018","      20:06:30",3,0.341056,0.006,0.001626,15,0,737157.8378,88,3,10379,2,0.353,-0.353
"306",2,"B","i","      4/7/2018","      23:19:13",9,0.607118,0.007,0.0019,15,0,737157.9717,38,2,12648,2,0.353,-0.353
"307",2,"B","i","      4/7/2018","      20:35:43",4,1.186222,0.008,0.001734,11,0,737157.8581,72,3,19692,2,0.353,-0.353
"308",2,"B","i","      4/7/2018","      21:16:33",5,0.338235,0.009,0.002463,15,0,737157.8865,88,3,10469,2,0.353,-0.353
"309",2,"B","i","      4/7/2018","      21:22:33",6,2.150882,0.019,0.005207,11,0,737157.8907,6,1,8010,2,0.353,-0.353
"310",2,"B","i","      4/7/2018","      20:24:07",4,0.75725,0.009,0.002569,15,0,737157.8501,38,2,12088,2,0.353,-0.353
"311",2,"B","i","      4/7/2018","      21:51:34",6,0.336471,0.007,0.002065,15,0,737157.9108,88,3,10468,2,0.353,-0.353
"312",2,"B","i","      4/7/2018","      21:39:36",6,2.578059,0.017,0.004943,11,0,737157.9025,53,2,9555,2,0.353,-0.353
"313",2,"B","i","      4/7/2018","      19:31:30",2,0.329588,0.01,0.002623,15,0,737157.8135,88,3,10388,2,0.353,-0.353
"314",2,"B","i","      4/7/2018","      21:45:46",6,1.157059,0.005,0.001819,11,0,737157.9068,72,3,19670,2,0.353,-0.353
"315",2,"C","o","      4/7/2018","      22:09:32",7,1.958833,0.015,0.00373,15,0,737157.9233,39,2,11518,2,0.707,0.707
"316",2,"C","o","      4/7/2018","      20:59:30",5,1.934412,0.012,0.002938,15,0,737157.8747,39,2,11553,2,0.707,0.707
"317",2,"C","o","      4/7/2018","      22:15:00",7,5.587125,0.066,0.019701,11,0,737157.9271,54,2,4986,2,0.707,0.707
"318",2,"C","o","      4/7/2018","      20:53:42",5,0.875706,0.008,0.002054,15,0,737157.8706,23,1,15925,2,0.707,0.707
"319",2,"C","o","      4/7/2018","      22:44:33",8,1.898167,0.015,0.003808,15,0,737157.9476,39,2,11576,2,0.707,0.707
"320",2,"C","o","      4/7/2018","      22:56:10",8,4.555176,0.032,0.008911,11,0,737157.9557,73,3,8693,2,0.707,0.707
"321",2,"C","o","      4/7/2018","      19:14:27",2,1.959118,0.015,0.003982,15,0,737157.8017,39,2,11549,2,0.707,0.707
"322",2,"C","o","      4/7/2018","      23:01:58",8,1.084412,0.004,0.001372,15,0,737157.9597,89,3,17792,2,0.707,0.707
"323",2,"C","o","      4/7/2018","      21:04:56",5,5.634111,0.075,0.01765,11,0,737157.8784,54,2,4992,2,0.707,0.707
"324",2,"C","o","      4/7/2018","      18:39:26",1,1.990125,0.013,0.003481,15,0,737157.7774,39,2,11539,2,0.707,0.707
"325",2,"C","o","      4/7/2018","      20:47:54",5,5.618471,0.061,0.014457,11,0,737157.8666,7,1,4140,2,0.707,0.707
"326",2,"C","o","      4/7/2018","      21:57:56",7,5.581625,0.065,0.019609,11,0,737157.9152,7,1,4137,2,0.707,0.707
"327",2,"C","o","      4/7/2018","      22:38:45",8,0.972294,0.01,0.002469,15,0,737157.9436,23,1,15560,2,0.707,0.707
"328",2,"C","o","      4/7/2018","      20:41:53",4,1.220167,0.007,0.002121,15,0,737157.8624,89,3,17521,2,0.707,0.707
"329",2,"C","o","      4/7/2018","      23:25:01",9,5.570471,0.069,0.017256,11,0,737157.9757,54,2,4976,2,0.707,0.707
"330",2,"C","o","      4/7/2018","      19:49:28",3,2.036059,0.011,0.00268,15,0,737157.826,39,2,11443,2,0.707,0.707
"331",2,"C","o","      4/7/2018","      22:32:57",8,5.632824,0.128,0.039706,11,0,737157.9395,7,1,4113,2,0.707,0.707
"332",2,"C","o","      4/7/2018","      22:03:44",7,0.929,0.008,0.002872,15,0,737157.9193,23,1,15692,2,0.707,0.707
"333",2,"C","o","      4/7/2018","      21:34:31",6,1.95,0.015,0.003921,15,0,737157.899,39,2,11538,2,0.707,0.707
"334",2,"C","o","      4/7/2018","      23:31:11",9,4.244412,0.033,0.008471,11,0,737157.98,73,3,8902,2,0.707,0.707
"335",2,"C","o","      4/7/2018","      21:22:55",6,5.697118,0.094,0.025671,11,0,737157.8909,7,1,4116,2,0.707,0.707
"336",2,"C","o","      4/7/2018","      23:36:59",9,1.089176,0.006,0.002128,15,0,737157.984,89,3,17790,2,0.707,0.707
"337",2,"C","o","      4/7/2018","      23:07:58",9,5.623353,0.106,0.023019,11,0,737157.9639,7,1,4122,2,0.707,0.707
"338",2,"C","o","      4/7/2018","      18:27:50",1,4.812882,0.067,0.015652,11,0,737157.7693,7,1,4637,2,0.707,0.707
"339",2,"C","o","      4/7/2018","      22:50:00",8,5.526412,0.05,0.015724,11,0,737157.9514,54,2,5003,2,0.707,0.707
"340",2,"C","o","      4/7/2018","      18:44:52",1,5.748389,0.067,0.019147,11,0,737157.7812,54,2,4973,2,0.707,0.707
"341",2,"C","o","      4/7/2018","      22:26:57",7,0.957563,0.006,0.001548,15,0,737157.9354,89,3,18082,2,0.707,0.707
"342",2,"C","o","      4/7/2018","      21:28:43",6,0.894588,0.009,0.00221,15,0,737157.8949,23,1,15838,2,0.707,0.707
"343",2,"C","o","      4/7/2018","      23:13:46",9,1.008353,0.005,0.001498,15,0,737157.9679,23,1,15416,2,0.707,0.707
"344",2,"C","o","      4/7/2018","      18:33:39",1,0.781688,0.009,0.002496,15,0,737157.7734,23,1,16467,2,0.707,0.707
"345",2,"C","o","      4/7/2018","      21:16:54",5,1.064611,0.007,0.001852,15,0,737157.8867,89,3,17842,2,0.707,0.707
"346",2,"C","o","      4/7/2018","      19:19:53",2,5.697333,0.07,0.019088,11,0,737157.8055,54,2,4980,2,0.707,0.707
"347",2,"C","o","      4/7/2018","      18:51:02",1,5.901667,0.05,0.013861,11,0,737157.7854,73,3,7866,2,0.707,0.707
"348",2,"C","o","      4/7/2018","      23:19:35",9,1.966412,0.011,0.003392,15,0,737157.9719,39,2,11512,2,0.707,0.707
"349",2,"C","o","      4/7/2018","      22:21:09",7,5.365647,0.024,0.007794,11,0,737157.9314,73,3,8172,2,0.707,0.707
"350",2,"C","o","      4/7/2018","      21:51:55",6,0.864,0.005,0.00197,15,0,737157.9111,89,3,18279,2,0.707,0.707
"351",2,"C","o","      4/7/2018","      19:26:03",2,5.948062,0.046,0.012599,11,0,737157.8098,73,3,7836,2,0.707,0.707
"352",2,"C","o","      4/7/2018","      18:56:50",1,1.309667,0.007,0.001609,15,0,737157.7895,89,3,17307,2,0.707,0.707
"353",2,"C","o","      4/7/2018","      19:31:51",2,1.654889,0.013,0.004157,15,0,737157.8138,89,3,16623,2,0.707,0.707
"354",2,"C","o","      4/7/2018","      21:39:57",6,5.587294,0.08,0.020472,11,0,737157.9027,54,2,4992,2,0.707,0.707
"355",2,"C","o","      4/7/2018","      21:11:06",5,4.984125,0.036,0.01067,11,0,737157.8827,73,3,8408,2,0.707,0.707
"356",2,"C","o","      4/7/2018","      19:37:52",3,5.300588,0.063,0.016443,11,0,737157.818,7,1,4239,2,0.707,0.707
"357",2,"C","o","      4/7/2018","      19:43:40",3,1.044706,0.015,0.004753,15,0,737157.822,23,1,15882,2,0.707,0.707
"358",2,"C","o","      4/7/2018","      20:12:53",4,5.535235,0.068,0.020241,11,0,737157.8423,7,1,4164,2,0.707,0.707
"359",2,"C","o","      4/7/2018","      20:24:29",4,1.982176,0.016,0.004362,15,0,737157.8503,39,2,11504,2,0.707,0.707
"360",2,"C","o","      4/7/2018","      20:29:55",4,5.605222,0.083,0.023176,11,0,737157.8541,54,2,5002,2,0.707,0.707
"361",2,"C","o","      4/7/2018","      19:02:51",2,4.862529,0.037,0.010369,11,0,737157.7936,7,1,4375,2,0.707,0.707
"362",2,"C","o","      4/7/2018","      20:36:05",4,5.921375,0.031,0.009294,11,0,737157.8584,73,3,7867,2,0.707,0.707
"363",2,"C","o","      4/7/2018","      19:08:39",2,0.848294,0.009,0.002312,15,0,737157.7977,23,1,16296,2,0.707,0.707
"364",2,"C","o","      4/7/2018","      21:46:07",6,5.257059,0.037,0.010183,11,0,737157.907,73,3,8241,2,0.707,0.707
"365",2,"C","o","      4/7/2018","      20:18:41",4,0.912588,0.006,0.001583,15,0,737157.8463,23,1,15905,2,0.707,0.707
"366",2,"C","o","      4/7/2018","      20:01:04",3,6.046563,0.042,0.010558,11,0,737157.8341,73,3,7780,2,0.707,0.707
"367",2,"C","o","      4/7/2018","      20:06:52",3,1.1705,0.009,0.002572,15,0,737157.8381,89,3,17635,2,0.707,0.707
"368",2,"C","o","      4/7/2018","      19:54:54",3,5.692647,0.086,0.018651,11,0,737157.8298,54,2,4974,2,0.707,0.707
"369",2,"D","i","      4/7/2018","      20:42:15",4,1.909062,0.01,0.00267,15,0,737157.8627,90,3,10355,2,-0.353,0.353
"370",2,"D","i","      4/7/2018","      22:15:20",7,6.976167,0.09,0.021111,11,0,737157.9273,55,2,4361,2,-0.353,0.353
"371",2,"D","i","      4/7/2018","      19:14:49",2,0.226235,0.003,0.000903,15,0,737157.802,40,2,15745,2,-0.353,0.353
"372",2,"D","i","      4/7/2018","      21:58:18",7,4.808235,0.021,0.005321,11,0,737157.9155,8,1,13668,2,-0.353,0.353
"373",2,"D","i","      4/7/2018","      22:04:07",7,5.689062,0.056,0.017456,15,0,737157.9195,24,1,5237,2,-0.353,0.353
"374",2,"D","i","      4/7/2018","      22:09:54",7,0.2745,0.008,0.001966,15,0,737157.9235,40,2,15628,2,-0.353,0.353
"375",2,"D","i","      4/7/2018","      20:48:15",5,4.505176,0.02,0.005163,11,0,737157.8668,8,1,14032,2,-0.353,0.353
"376",2,"D","i","      4/7/2018","      23:02:20",8,1.777765,0.009,0.002751,15,0,737157.96,90,3,10551,2,-0.353,0.353
"377",2,"D","i","      4/7/2018","      23:08:20",9,4.925235,0.023,0.006732,11,0,737157.9641,8,1,13527,2,-0.353,0.353
"378",2,"D","i","      4/7/2018","      22:39:07",8,5.777059,0.082,0.019142,15,0,737157.9438,24,1,5082,2,-0.353,0.353
"379",2,"D","i","      4/7/2018","      23:14:08",9,5.941118,0.06,0.016446,15,0,737157.9681,24,1,5029,2,-0.353,0.353
"380",2,"D","i","      4/7/2018","      23:25:23",9,6.902706,0.09,0.028727,11,0,737157.976,55,2,4383,2,-0.353,0.353
"381",2,"D","i","      4/7/2018","      20:54:04",5,5.053765,0.051,0.014746,15,0,737157.8709,24,1,5496,2,-0.353,0.353
"382",2,"D","i","      4/7/2018","      19:49:50",3,0.222059,0.007,0.002249,15,0,737157.8263,40,2,15748,2,-0.353,0.353
"383",2,"D","i","      4/7/2018","      21:05:19",5,7.06775,0.083,0.022726,11,0,737157.8787,55,2,4346,2,-0.353,0.353
"384",2,"D","i","      4/7/2018","      23:19:57",9,0.247765,0.005,0.001602,15,0,737157.9722,40,2,15646,2,-0.353,0.353
"385",2,"D","i","      4/7/2018","      21:17:16",5,1.815813,0.018,0.004956,15,0,737157.887,90,3,10478,2,-0.353,0.353
"386",2,"D","i","      4/7/2018","      22:27:19",7,1.747235,0.014,0.003456,15,0,737157.9356,90,3,10576,2,-0.353,0.353
"387",2,"D","i","      4/7/2018","      22:33:19",8,4.901529,0.026,0.007221,11,0,737157.9398,8,1,13559,2,-0.353,0.353
"388",2,"D","i","      4/7/2018","      18:28:12",1,4.444412,0.025,0.007349,11,0,737157.7696,8,1,14191,2,-0.353,0.353
"389",2,"D","i","      4/7/2018","      21:40:19",6,6.991611,0.104,0.025245,11,0,737157.903,55,2,4362,2,-0.353,0.353
"390",2,"D","i","      4/7/2018","      22:50:22",8,6.959882,0.115,0.032798,11,0,737157.9516,55,2,4367,2,-0.353,0.353
"391",2,"D","i","      4/7/2018","      21:23:16",6,4.699941,0.023,0.005879,11,0,737157.8912,8,1,13798,2,-0.353,0.353
"392",2,"D","i","      4/7/2018","      23:37:21",9,1.717059,0.019,0.005226,15,0,737157.9843,90,3,10626,2,-0.353,0.353
"393",2,"D","i","      4/7/2018","      20:59:52",5,0.249235,0.004,0.001437,15,0,737157.8749,40,2,15686,2,-0.353,0.353
"394",2,"D","i","      4/7/2018","      18:34:00",1,4.325353,0.036,0.008536,15,0,737157.7736,24,1,5839,2,-0.353,0.353
"395",2,"D","i","      4/7/2018","      22:44:55",8,0.228625,0.004,0.001147,15,0,737157.9479,40,2,15692,2,-0.353,0.353
"396",2,"D","i","      4/7/2018","      18:45:14",1,7.480118,0.134,0.03493,11,0,737157.7814,55,2,4255,2,-0.353,0.353
"397",2,"D","i","      4/7/2018","      19:20:15",2,7.31475,0.086,0.023728,11,0,737157.8057,55,2,4293,2,-0.353,0.353
"398",2,"D","i","      4/7/2018","      21:29:05",6,5.365824,0.059,0.016372,15,0,737157.8952,24,1,5371,2,-0.353,0.353
"399",2,"D","i","      4/7/2018","      21:34:53",6,0.227647,0.007,0.001498,15,0,737157.8992,40,2,15705,2,-0.353,0.353
"400",2,"D","i","      4/7/2018","      22:21:52",7,0.182,0.007,0.002236,11,0,737157.9319,75,3,11074,2,-0.353,0.353
"401",2,"D","i","      4/7/2018","      18:57:12",1,2.195353,0.015,0.004329,15,0,737157.7897,90,3,9938,2,-0.353,0.353
"402",2,"D","i","      4/7/2018","      19:26:47",2,0.082882,0.006,0.001691,11,0,737157.8103,75,3,11153,2,-0.353,0.353
"403",2,"D","i","      4/7/2018","      18:39:48",1,0.155,0.005,0.001323,15,0,737157.7776,40,2,15885,2,-0.353,0.353
"404",2,"D","i","      4/7/2018","      20:30:17",4,7.136118,0.094,0.022622,11,0,737157.8544,55,2,4325,2,-0.353,0.353
"405",2,"D","i","      4/7/2018","      19:32:13",2,2.28575,0.022,0.005961,15,0,737157.814,90,3,9835,2,-0.353,0.353
"406",2,"D","i","      4/7/2018","      19:38:13",3,4.539235,0.024,0.006139,11,0,737157.8182,8,1,14042,2,-0.353,0.353
"407",2,"D","i","      4/7/2018","      21:11:50",5,0.119118,0.008,0.002595,11,0,737157.8832,75,3,11148,2,-0.353,0.353
"408",2,"D","i","      4/7/2018","      21:52:18",6,1.751437,0.016,0.003723,15,0,737157.9113,90,3,10570,2,-0.353,0.353
"409",2,"D","i","      4/7/2018","      18:51:47",1,0.079438,0.007,0.001788,11,0,737157.786,75,3,11161,2,-0.353,0.353
"410",2,"D","i","      4/7/2018","      19:03:12",2,4.472529,0.016,0.004888,11,0,737157.7939,8,1,14134,2,-0.353,0.353
"411",2,"D","i","      4/7/2018","      19:09:01",2,4.635353,0.046,0.013697,15,0,737157.7979,24,1,5699,2,-0.353,0.353
"412",2,"D","i","      4/7/2018","      19:44:02",3,5.096588,0.055,0.0149,15,0,737157.8222,24,1,5482,2,-0.353,0.353
"413",2,"D","i","      4/7/2018","      21:46:51",6,0.156471,0.009,0.002503,11,0,737157.9075,75,3,11107,2,-0.353,0.353
"414",2,"D","i","      4/7/2018","      22:56:53",8,0.174563,0.008,0.001999,11,0,737157.9562,75,3,11079,2,-0.353,0.353
"415",2,"D","i","      4/7/2018","      20:24:51",4,0.332588,0.006,0.001698,15,0,737157.8506,40,2,15553,2,-0.353,0.353
"416",2,"D","i","      4/7/2018","      23:31:54",9,0.200588,0.011,0.002938,11,0,737157.9805,75,3,11059,2,-0.353,0.353
"417",2,"D","i","      4/7/2018","      20:07:14",3,2.036188,0.015,0.003291,15,0,737157.8384,90,3,10183,2,-0.353,0.353
"418",2,"D","i","      4/7/2018","      20:13:14",4,4.572588,0.021,0.005832,11,0,737157.8425,8,1,13980,2,-0.353,0.353
"419",2,"D","i","      4/7/2018","      19:55:16",3,7.128647,0.095,0.032802,11,0,737157.83,55,2,4331,2,-0.353,0.353
"420",2,"D","i","      4/7/2018","      20:36:49",4,0.098235,0.009,0.002306,11,0,737157.8589,75,3,11150,2,-0.353,0.353
"421",2,"D","i","      4/7/2018","      20:01:48",3,0.098941,0.01,0.002512,11,0,737157.8346,75,3,11139,2,-0.353,0.353
"422",2,"D","i","      4/7/2018","      20:19:03",4,4.837059,0.058,0.015164,15,0,737157.8466,24,1,5601,2,-0.353,0.353
"423",3,"A","i","      4/7/2018","      22:21:30",7,5.673833,0.038,0.008542,11,0,737157.9316,74,3,7462,4,-0.5,0
"424",3,"A","i","      4/7/2018","      22:10:16",7,9.280941,0.058,0.017188,15,0,737157.9238,41,2,8173,4,-0.5,0
"425",3,"A","i","      4/7/2018","      21:58:39",7,10.274778,0.311,0.065496,11,0,737157.9157,9,1,3526,4,-0.5,0
"426",3,"A","i","      4/7/2018","      19:26:25",2,6.11,0.052,0.016756,11,0,737157.81,74,3,7258,4,-0.5,0
"427",3,"A","i","      4/7/2018","      21:11:28",5,5.787941,0.057,0.014403,11,0,737157.883,74,3,7425,4,-0.5,0
"428",3,"A","i","      4/7/2018","      21:00:13",5,9.257765,0.078,0.020413,15,0,737157.8752,41,2,8187,4,-0.5,0
"429",3,"A","i","      4/7/2018","      22:04:28",7,2.586882,0.019,0.004846,15,0,737157.9198,25,1,11985,4,-0.5,0
"430",3,"A","i","      4/7/2018","      19:50:11",3,9.221941,0.111,0.026035,15,0,737157.8265,41,2,8227,4,-0.5,0
"431",3,"A","i","      4/7/2018","      22:39:29",8,2.721235,0.017,0.005974,15,0,737157.9441,25,1,11809,4,-0.5,0
"432",3,"A","i","      4/7/2018","      22:45:17",8,9.281471,0.073,0.022032,15,0,737157.9481,41,2,8162,4,-0.5,0
"433",3,"A","i","      4/7/2018","      22:56:31",8,5.518611,0.057,0.014849,11,0,737157.9559,74,3,7544,4,-0.5,0
"434",3,"A","i","      4/7/2018","      19:44:24",3,3.478353,0.033,0.00938,15,0,737157.8225,25,1,11041,4,-0.5,0
"435",3,"A","i","      4/7/2018","      23:31:33",9,5.331471,0.043,0.010174,11,0,737157.9802,74,3,7640,4,-0.5,0
"436",3,"A","i","      4/7/2018","      20:54:26",5,2.651235,0.022,0.00513,15,0,737157.8711,25,1,11949,4,-0.5,0
"437",3,"A","i","      4/7/2018","      21:29:26",6,2.664222,0.018,0.004609,15,0,737157.8954,25,1,11904,4,-0.5,0
"438",3,"A","i","      4/7/2018","      20:01:26",3,6.143294,0.066,0.017538,11,0,737157.8343,74,3,7239,4,-0.5,0
"439",3,"A","i","      4/7/2018","      18:28:34",1,10.322125,0.174,0.050098,11,0,737157.7698,9,1,3603,4,-0.5,0
"440",3,"A","i","      4/7/2018","      20:48:37",5,10.299353,0.203,0.054301,11,0,737157.8671,9,1,3518,4,-0.5,0
"441",3,"A","i","      4/7/2018","      21:35:15",6,9.262,0.069,0.019183,15,0,737157.8995,41,2,8183,4,-0.5,0
"442",3,"A","i","      4/7/2018","      18:34:21",1,2.865444,0.019,0.005125,15,0,737157.7739,25,1,11759,4,-0.5,0
"443",3,"A","i","      4/7/2018","      18:40:09",1,9.202833,0.093,0.025049,15,0,737157.7779,41,2,8242,4,-0.5,0
"444",3,"A","i","      4/7/2018","      21:23:38",6,10.270647,0.172,0.051114,11,0,737157.8914,9,1,3517,4,-0.5,0
"445",3,"A","i","      4/7/2018","      18:51:24",1,6.014353,0.037,0.009943,11,0,737157.7857,74,3,7301,4,-0.5,0
"446",3,"A","i","      4/7/2018","      23:37:43",9,0.697765,0.015,0.003545,15,0,737157.9845,91,3,10261,4,-0.5,0
"447",3,"A","i","      4/7/2018","      20:36:27",4,6.150118,0.051,0.014945,11,0,737157.8586,74,3,7229,4,-0.5,0
"448",3,"A","i","      4/7/2018","      23:14:30",9,2.719176,0.013,0.002921,15,0,737157.9684,25,1,11792,4,-0.5,0
"449",3,"A","i","      4/7/2018","      20:13:36",4,10.287176,0.134,0.039154,11,0,737157.8428,9,1,3522,4,-0.5,0
"450",3,"A","i","      4/7/2018","      22:27:40",7,0.638444,0.009,0.002332,15,0,737157.9359,91,3,10330,4,-0.5,0
"451",3,"A","i","      4/7/2018","      20:42:37",4,0.668941,0.015,0.003249,15,0,737157.8629,91,3,10301,4,-0.5,0
"452",3,"A","i","      4/7/2018","      21:46:29",6,5.706706,0.038,0.011671,11,0,737157.9073,74,3,7444,4,-0.5,0
"453",3,"A","i","      4/7/2018","      23:20:18",9,9.284882,0.089,0.025566,15,0,737157.9724,41,2,8158,4,-0.5,0
"454",3,"A","i","      4/7/2018","      20:19:25",4,2.562706,0.019,0.004552,15,0,737157.8468,25,1,12083,4,-0.5,0
"455",3,"A","i","      4/7/2018","      22:33:41",8,10.325118,0.182,0.047537,11,0,737157.9401,9,1,3510,4,-0.5,0
"456",3,"A","i","      4/7/2018","      19:15:10",2,9.197118,0.087,0.023638,15,0,737157.8022,41,2,8236,4,-0.5,0
"457",3,"A","i","      4/7/2018","      20:25:12",4,9.254,0.081,0.02377,15,0,737157.8508,41,2,8213,4,-0.5,0
"458",3,"A","i","      4/7/2018","      21:17:38",5,0.622529,0.006,0.0017,15,0,737157.8872,91,3,10356,4,-0.5,0
"459",3,"A","i","      4/7/2018","      23:02:41",8,0.715389,0.009,0.002355,15,0,737157.9602,91,3,10224,4,-0.5,0
"460",3,"A","i","      4/7/2018","      18:57:34",1,0.576062,0.007,0.001843,15,0,737157.79,91,3,10383,4,-0.5,0
"461",3,"A","i","      4/7/2018","      23:08:42",9,10.300529,0.222,0.049222,11,0,737157.9644,9,1,3504,4,-0.5,0
"462",3,"A","i","      4/7/2018","      19:03:34",2,10.332412,0.188,0.050663,11,0,737157.7941,9,1,3591,4,-0.5,0
"463",3,"A","i","      4/7/2018","      19:09:22",2,2.755294,0.009,0.002664,15,0,737157.7982,25,1,11904,4,-0.5,0
"464",3,"A","i","      4/7/2018","      20:07:36",3,0.640235,0.011,0.002818,15,0,737157.8386,91,3,10333,4,-0.5,0
"465",3,"A","i","      4/7/2018","      19:32:35",2,0.772176,0.022,0.006366,15,0,737157.8143,91,3,10140,4,-0.5,0
"466",3,"A","i","      4/7/2018","      21:52:39",6,0.574706,0.012,0.002845,15,0,737157.9116,91,3,10410,4,-0.5,0
"467",3,"A","i","      4/7/2018","      19:38:35",3,10.295941,0.169,0.048242,11,0,737157.8185,9,1,3516,4,-0.5,0
"468",3,"B","o","      4/7/2018","      23:26:28",9,1.224765,0.017,0.004409,11,0,737157.9767,58,2,9896,4,0,-1
"469",3,"B","o","      4/7/2018","      22:10:38",7,0.566,0.008,0.002179,15,0,737157.9241,42,2,7037,4,0,-1
"470",3,"B","o","      4/7/2018","      22:16:26",7,1.209059,0.013,0.003848,11,0,737157.9281,58,2,9927,4,0,-1
"471",3,"B","o","      4/7/2018","      22:22:15",7,0.510125,0.006,0.001746,11,0,737157.9321,76,3,17542,4,0,-1
"472",3,"B","o","      4/7/2018","      23:32:16",9,0.499667,0.004,0.001085,11,0,737157.9807,76,3,17823,4,0,-1
"473",3,"B","o","      4/7/2018","      23:38:04",9,3.561556,0.021,0.005933,15,0,737157.9848,92,3,9435,4,0,-1
"474",3,"B","o","      4/7/2018","      20:42:59",4,2.700824,0.013,0.003795,15,0,737157.8632,92,3,10238,4,0,-1
"475",3,"B","o","      4/7/2018","      22:28:02",7,3.075875,0.027,0.007238,15,0,737157.9361,92,3,9880,4,0,-1
"476",3,"B","o","      4/7/2018","      21:00:35",5,0.511412,0.011,0.003124,15,0,737157.8754,42,2,7083,4,0,-1
"477",3,"B","o","      4/7/2018","      20:48:59",5,1.582529,0.017,0.004317,11,0,737157.8674,10,1,10475,4,0,-1
"478",3,"B","o","      4/7/2018","      22:34:02",8,2.172471,0.022,0.006256,11,0,737157.9403,10,1,9856,4,0,-1
"479",3,"B","o","      4/7/2018","      21:06:23",5,1.101412,0.01,0.002694,11,0,737157.8794,58,2,10073,4,0,-1
"480",3,"B","o","      4/7/2018","      20:54:47",5,7.942882,0.061,0.019121,15,0,737157.8714,26,1,7582,4,0,-1
"481",3,"B","o","      4/7/2018","      22:39:51",8,7.947294,0.047,0.014551,15,0,737157.9443,26,1,7559,4,0,-1
"482",3,"B","o","      4/7/2018","      21:12:11",5,0.476611,0.006,0.001975,11,0,737157.8835,76,3,17591,4,0,-1
"483",3,"B","o","      4/7/2018","      19:44:45",3,8.069765,0.054,0.014919,15,0,737157.8227,26,1,7535,4,0,-1
"484",3,"B","o","      4/7/2018","      22:57:15",8,0.466294,0.007,0.002229,11,0,737157.9564,76,3,17894,4,0,-1
"485",3,"B","o","      4/7/2018","      21:59:01",7,1.967,0.016,0.004886,11,0,737157.916,10,1,10073,4,0,-1
"486",3,"B","o","      4/7/2018","      21:29:48",6,7.857,0.043,0.013592,15,0,737157.8957,26,1,7601,4,0,-1
"487",3,"B","o","      4/7/2018","      21:35:36",6,0.488722,0.011,0.003893,15,0,737157.8997,42,2,7091,4,0,-1
"488",3,"B","o","      4/7/2018","      22:45:39",8,0.494471,0.008,0.002552,15,0,737157.9484,42,2,7083,4,0,-1
"489",3,"B","o","      4/7/2018","      21:41:25",6,1.164563,0.014,0.003183,11,0,737157.9038,58,2,9991,4,0,-1
"490",3,"B","o","      4/7/2018","      21:18:00",5,3.057706,0.022,0.006498,15,0,737157.8875,92,3,9892,4,0,-1
"491",3,"B","o","      4/7/2018","      20:13:58",4,1.500765,0.012,0.003545,11,0,737157.843,10,1,10580,4,0,-1
"492",3,"B","o","      4/7/2018","      19:50:33",3,0.436412,0.007,0.002033,15,0,737157.8268,42,2,7153,4,0,-1
"493",3,"B","o","      4/7/2018","      23:03:03",8,3.244063,0.022,0.007009,15,0,737157.9605,92,3,9713,4,0,-1
"494",3,"B","o","      4/7/2018","      22:04:49",7,7.896167,0.085,0.019147,15,0,737157.92,26,1,7579,4,0,-1
"495",3,"B","o","      4/7/2018","      23:09:04",9,2.039412,0.017,0.00481,11,0,737157.9646,10,1,9974,4,0,-1
"496",3,"B","o","      4/7/2018","      18:28:55",1,1.718889,0.035,0.009689,11,0,737157.7701,10,1,10385,4,0,-1
"497",3,"B","o","      4/7/2018","      23:14:52",9,7.948937,0.071,0.018926,15,0,737157.9687,26,1,7545,4,0,-1
"498",3,"B","o","      4/7/2018","      18:34:43",1,8.030125,0.077,0.023509,15,0,737157.7741,26,1,7548,4,0,-1
"499",3,"B","o","      4/7/2018","      22:51:27",8,1.187765,0.012,0.00299,11,0,737157.9524,58,2,9934,4,0,-1
"500",3,"B","o","      4/7/2018","      21:47:13",6,0.485313,0.007,0.002442,11,0,737157.9078,76,3,17581,4,0,-1
"501",3,"B","o","      4/7/2018","      21:24:00",6,1.727,0.012,0.002915,11,0,737157.8917,10,1,10319,4,0,-1
"502",3,"B","o","      4/7/2018","      20:19:46",4,8.121941,0.067,0.018219,15,0,737157.8471,26,1,7491,4,0,-1
"503",3,"B","o","      4/7/2018","      19:56:21",3,1.11725,0.012,0.004074,11,0,737157.8308,58,2,10078,4,0,-1
"504",3,"B","o","      4/7/2018","      20:02:09",3,0.457353,0.007,0.002149,11,0,737157.8348,76,3,17680,4,0,-1
"505",3,"B","o","      4/7/2018","      20:07:58",3,3.347765,0.022,0.00589,15,0,737157.8389,92,3,9589,4,0,-1
"506",3,"B","o","      4/7/2018","      23:20:40",9,0.508529,0.01,0.002809,15,0,737157.9727,42,2,7066,4,0,-1
"507",3,"B","o","      4/7/2018","      18:40:31",1,0.333471,0.015,0.00352,15,0,737157.7781,42,2,7236,4,0,-1
"508",3,"B","o","      4/7/2018","      21:53:01",6,3.086,0.025,0.006883,15,0,737157.9118,92,3,9856,4,0,-1
"509",3,"B","o","      4/7/2018","      20:25:34",4,0.649941,0.01,0.00323,15,0,737157.8511,42,2,6991,4,0,-1
"510",3,"B","o","      4/7/2018","      20:31:22",4,1.064588,0.011,0.003001,11,0,737157.8551,58,2,10137,4,0,-1
"511",3,"B","o","      4/7/2018","      18:57:56",1,2.854471,0.015,0.003842,15,0,737157.7902,92,3,10077,4,0,-1
"512",3,"B","o","      4/7/2018","      18:46:19",1,0.980111,0.009,0.002654,11,0,737157.7822,58,2,10203,4,0,-1
"513",3,"B","o","      4/7/2018","      19:15:32",2,0.437588,0.009,0.002399,15,0,737157.8025,42,2,7146,4,0,-1
"514",3,"B","o","      4/7/2018","      18:52:08",1,0.339588,0.004,0.001121,11,0,737157.7862,76,3,18182,4,0,-1
"515",3,"B","o","      4/7/2018","      19:21:20",2,1.056176,0.007,0.001704,11,0,737157.8065,58,2,10100,4,0,-1
"516",3,"B","o","      4/7/2018","      19:03:56",2,2.883706,0.026,0.009068,11,0,737157.7944,10,1,9177,4,0,-1
"517",3,"B","o","      4/7/2018","      19:32:57",2,3.421,0.026,0.006745,15,0,737157.8145,92,3,9541,4,0,-1
"518",3,"B","o","      4/7/2018","      19:27:08",2,0.411667,0.006,0.00168,11,0,737157.8105,76,3,17751,4,0,-1
"519",3,"B","o","      4/7/2018","      20:37:10",4,0.449412,0.006,0.001839,11,0,737157.8591,76,3,17686,4,0,-1
"520",3,"B","o","      4/7/2018","      19:38:57",3,1.626706,0.025,0.00706,11,0,737157.8187,10,1,10432,4,0,-1
"521",3,"B","o","      4/7/2018","      19:09:44",2,8.118529,0.062,0.020075,15,0,737157.7984,26,1,7515,4,0,-1
"522",3,"C","i","      4/7/2018","      22:28:24",7,0.417412,0.006,0.001583,15,0,737157.9364,93,3,17792,4,0.5,0
"523",3,"C","i","      4/7/2018","      20:43:20",4,0.504353,0.018,0.005049,15,0,737157.8634,93,3,17584,4,0.5,0
"524",3,"C","i","      4/7/2018","      19:45:06",3,0.937056,0.018,0.004007,15,0,737157.823,27,1,10070,4,0.5,0
"525",3,"C","i","      4/7/2018","      22:34:46",8,7.424118,0.108,0.027636,11,0,737157.9408,12,1,3979,4,0.5,0
"526",3,"C","i","      4/7/2018","      20:02:31",3,1.952235,0.026,0.005995,11,0,737157.8351,77,3,8284,4,0.5,0
"527",3,"C","i","      4/7/2018","      20:37:32",4,1.767294,0.015,0.004269,11,0,737157.8594,77,3,8393,4,0.5,0
"528",3,"C","i","      4/7/2018","      20:49:42",5,7.825222,0.076,0.019999,11,0,737157.8678,12,1,3939,4,0.5,0
"529",3,"C","i","      4/7/2018","      23:26:50",9,1.605706,0.013,0.003177,11,0,737157.977,59,2,14410,4,0.5,0
"530",3,"C","i","      4/7/2018","      23:32:38",9,1.224059,0.01,0.00303,11,0,737157.981,77,3,8930,4,0.5,0
"531",3,"C","i","      4/7/2018","      20:31:44",4,1.408,0.009,0.002372,11,0,737157.8554,59,2,14767,4,0.5,0
"532",3,"C","i","      4/7/2018","      22:16:47",7,1.500111,0.009,0.002564,11,0,737157.9283,59,2,14751,4,0.5,0
"533",3,"C","i","      4/7/2018","      21:18:21",5,0.598412,0.009,0.002575,15,0,737157.8877,93,3,17420,4,0.5,0
"534",3,"C","i","      4/7/2018","      21:59:45",7,7.567647,0.097,0.030449,11,0,737157.9165,12,1,3951,4,0.5,0
"535",3,"C","i","      4/7/2018","      23:03:25",8,0.469176,0.005,0.001551,15,0,737157.9607,93,3,17689,4,0.5,0
"536",3,"C","i","      4/7/2018","      20:20:08",4,0.629118,0.031,0.009993,15,0,737157.8473,27,1,10362,4,0.5,0
"537",3,"C","i","      4/7/2018","      19:50:55",3,0.161353,0.005,0.001272,15,0,737157.827,43,2,17218,4,0.5,0
"538",3,"C","i","      4/7/2018","      19:56:43",3,1.431529,0.006,0.001908,11,0,737157.8311,59,2,14558,4,0.5,0
"539",3,"C","i","      4/7/2018","      23:09:47",9,7.390235,0.098,0.025987,11,0,737157.9651,12,1,3986,4,0.5,0
"540",3,"C","i","      4/7/2018","      18:29:39",1,8.157882,0.131,0.031341,11,0,737157.7706,12,1,3865,4,0.5,0
"541",3,"C","i","      4/7/2018","      20:14:41",4,7.750389,0.1,0.02596,11,0,737157.8435,12,1,3920,4,0.5,0
"542",3,"C","i","      4/7/2018","      21:35:58",6,0.124824,0.005,0.001629,15,0,737157.9,43,2,17144,4,0.5,0
"543",3,"C","i","      4/7/2018","      21:47:34",6,1.559222,0.015,0.003949,11,0,737157.908,77,3,8633,4,0.5,0
"544",3,"C","i","      4/7/2018","      23:38:26",9,0.454278,0.006,0.001565,15,0,737157.985,93,3,17725,4,0.5,0
"545",3,"C","i","      4/7/2018","      22:51:49",8,1.555647,0.008,0.00229,11,0,737157.9527,59,2,14497,4,0.5,0
"546",3,"C","i","      4/7/2018","      22:22:36",7,1.372647,0.017,0.003656,11,0,737157.9324,77,3,8735,4,0.5,0
"547",3,"C","i","      4/7/2018","      21:24:43",6,7.608389,0.127,0.031341,11,0,737157.8922,12,1,3937,4,0.5,0
"548",3,"C","i","      4/7/2018","      20:25:56",4,0.154353,0.004,0.001272,15,0,737157.8513,43,2,17141,4,0.5,0
"549",3,"C","i","      4/7/2018","      18:58:17",1,0.329778,0.004,0.001215,15,0,737157.7905,93,3,17862,4,0.5,0
"550",3,"C","i","      4/7/2018","      21:12:34",5,1.716938,0.021,0.006638,11,0,737157.8837,77,3,8471,4,0.5,0
"551",3,"C","i","      4/7/2018","      22:57:37",8,1.478412,0.014,0.004048,11,0,737157.9567,77,3,8651,4,0.5,0
"552",3,"C","i","      4/7/2018","      18:46:41",1,1.281125,0.014,0.003344,11,0,737157.7824,59,2,14963,4,0.5,0
"553",3,"C","i","      4/7/2018","      21:00:57",5,0.136765,0.005,0.001522,15,0,737157.8757,43,2,17065,4,0.5,0
"554",3,"C","i","      4/7/2018","      22:05:11",7,0.309688,0.015,0.003665,15,0,737157.9203,27,1,10711,4,0.5,0
"555",3,"C","i","      4/7/2018","      21:06:45",5,1.443471,0.006,0.001972,11,0,737157.8797,59,2,14544,4,0.5,0
"556",3,"C","i","      4/7/2018","      22:10:59",7,0.112056,0.006,0.001474,15,0,737157.9243,43,2,17203,4,0.5,0
"557",3,"C","i","      4/7/2018","      19:04:40",2,7.826176,0.117,0.032197,11,0,737157.7949,12,1,3924,4,0.5,0
"558",3,"C","i","      4/7/2018","      19:39:41",3,7.788059,0.084,0.027517,11,0,737157.8192,12,1,3919,4,0.5,0
"559",3,"C","i","      4/7/2018","      21:53:23",6,0.383187,0.005,0.001601,15,0,737157.9121,93,3,17862,4,0.5,0
"560",3,"C","i","      4/7/2018","      21:30:10",6,0.171167,0.009,0.002728,15,0,737157.8959,27,1,11182,4,0.5,0
"561",3,"C","i","      4/7/2018","      21:41:46",6,1.456944,0.009,0.002532,11,0,737157.904,59,2,14815,4,0.5,0
"562",3,"C","i","      4/7/2018","      20:08:19",3,0.185706,0.004,0.001263,15,0,737157.8391,93,3,18192,4,0.5,0
"563",3,"C","i","      4/7/2018","      18:40:54",1,0.098,0.005,0.001506,15,0,737157.7784,43,2,17424,4,0.5,0
"564",3,"C","i","      4/7/2018","      18:52:29",1,2.228,0.02,0.005358,11,0,737157.7864,77,3,7988,4,0.5,0
"565",3,"C","i","      4/7/2018","      19:15:54",2,0.089529,0.004,0.001125,15,0,737157.8027,43,2,17397,4,0.5,0
"566",3,"C","i","      4/7/2018","      18:35:05",1,0.118,0.006,0.002,15,0,737157.7744,27,1,11234,4,0.5,0
"567",3,"C","i","      4/7/2018","      19:21:42",2,1.384118,0.008,0.002759,11,0,737157.8067,59,2,14809,4,0.5,0
"568",3,"C","i","      4/7/2018","      19:27:30",2,2.090688,0.025,0.005896,11,0,737157.8108,77,3,8157,4,0.5,0
"569",3,"C","i","      4/7/2018","      23:15:13",9,0.169556,0.006,0.001756,15,0,737157.9689,27,1,10691,4,0.5,0
"570",3,"C","i","      4/7/2018","      23:21:02",9,0.093813,0.004,0.001109,15,0,737157.9729,43,2,17275,4,0.5,0
"571",3,"C","i","      4/7/2018","      19:33:18",2,0.220294,0.006,0.001759,15,0,737157.8148,93,3,18119,4,0.5,0
"572",3,"C","i","      4/7/2018","      20:55:09",5,0.304412,0.015,0.004273,15,0,737157.8716,27,1,10772,4,0.5,0
"573",3,"C","i","      4/7/2018","      22:40:12",8,0.521389,0.021,0.005112,15,0,737157.9446,27,1,10593,4,0.5,0
"574",3,"C","i","      4/7/2018","      19:10:06",2,0.617118,0.041,0.013596,15,0,737157.7987,27,1,10591,4,0.5,0
"575",3,"C","i","      4/7/2018","      22:46:00",8,0.106412,0.006,0.001661,15,0,737157.9486,43,2,17221,4,0.5,0
"576",3,"D","o","      4/7/2018","      22:35:08",8,10.199937,0.139,0.041453,11,0,737157.9411,13,1,5280,4,0,1
"577",3,"D","o","      4/7/2018","      20:43:42",4,0.262647,0.007,0.00206,15,0,737157.8637,94,3,11760,4,0,1
"578",3,"D","o","      4/7/2018","      20:32:06",4,0.389706,0.011,0.00346,11,0,737157.8556,60,2,6129,4,0,1
"579",3,"D","o","      4/7/2018","      22:57:58",8,9.627176,0.081,0.02899,11,0,737157.9569,78,3,5797,4,0,1
"580",3,"D","o","      4/7/2018","      22:28:46",7,0.334588,0.009,0.002451,15,0,737157.9366,94,3,11725,4,0,1
"581",3,"D","o","      4/7/2018","      22:05:33",7,7.676412,0.061,0.018066,15,0,737157.9205,28,1,7932,4,0,1
"582",3,"D","o","      4/7/2018","      22:00:07",7,10.237588,0.088,0.026495,11,0,737157.9167,13,1,5273,4,0,1
"583",3,"D","o","      4/7/2018","      20:37:54",4,9.693765,0.121,0.034517,11,0,737157.8597,78,3,5789,4,0,1
"584",3,"D","o","      4/7/2018","      21:18:43",5,0.233765,0.008,0.002016,15,0,737157.888,94,3,11838,4,0,1
"585",3,"D","o","      4/7/2018","      23:27:13",9,0.32925,0.016,0.003975,11,0,737157.9772,60,2,6113,4,0,1
"586",3,"D","o","      4/7/2018","      23:33:00",9,9.602062,0.088,0.027989,11,0,737157.9813,78,3,5800,4,0,1
"587",3,"D","o","      4/7/2018","      19:57:05",3,0.393059,0.013,0.003579,11,0,737157.8313,60,2,6100,4,0,1
"588",3,"D","o","      4/7/2018","      22:11:22",7,9.203563,0.121,0.033371,15,0,737157.9246,44,2,6544,4,0,1
"589",3,"D","o","      4/7/2018","      21:12:55",5,9.634059,0.101,0.030973,11,0,737157.884,78,3,5800,4,0,1
"590",3,"D","o","      4/7/2018","      18:30:02",1,9.904,0.108,0.028479,11,0,737157.7709,13,1,5495,4,0,1
"591",3,"D","o","      4/7/2018","      21:47:56",6,9.693412,0.101,0.024769,11,0,737157.9083,78,3,5791,4,0,1
"592",3,"D","o","      4/7/2018","      18:47:03",1,0.311059,0.018,0.004802,11,0,737157.7827,60,2,6148,4,0,1
"593",3,"D","o","      4/7/2018","      23:03:47",8,0.299941,0.008,0.002277,15,0,737157.961,94,3,11794,4,0,1
"594",3,"D","o","      4/7/2018","      20:02:53",3,9.690471,0.129,0.029271,11,0,737157.8353,78,3,5789,4,0,1
"595",3,"D","o","      4/7/2018","      22:17:09",7,0.358471,0.013,0.003939,11,0,737157.9286,60,2,6114,4,0,1
"596",3,"D","o","      4/7/2018","      22:22:57",7,9.723333,0.09,0.02556,11,0,737157.9326,78,3,5775,4,0,1
"597",3,"D","o","      4/7/2018","      19:51:17",3,9.291235,0.111,0.030124,15,0,737157.8273,44,2,6519,4,0,1
"598",3,"D","o","      4/7/2018","      20:55:31",5,7.884625,0.084,0.020934,15,0,737157.8719,28,1,7831,4,0,1
"599",3,"D","o","      4/7/2018","      20:26:18",4,9.241294,0.113,0.026537,15,0,737157.8516,44,2,6532,4,0,1
"600",3,"D","o","      4/7/2018","      21:07:07",5,0.375824,0.02,0.004851,11,0,737157.8799,60,2,6127,4,0,1
"601",3,"D","o","      4/7/2018","      23:10:09",9,10.21575,0.157,0.043626,11,0,737157.9654,13,1,5269,4,0,1
"602",3,"D","o","      4/7/2018","      20:15:03",4,10.140294,0.129,0.034786,11,0,737157.8438,13,1,5317,4,0,1
"603",3,"D","o","      4/7/2018","      21:01:19",5,9.229,0.102,0.030226,15,0,737157.8759,44,2,6682,4,0,1
"604",3,"D","o","      4/7/2018","      21:36:20",6,9.213312,0.09,0.0217,15,0,737157.9002,44,2,6693,4,0,1
"605",3,"D","o","      4/7/2018","      19:22:04",2,0.328824,0.012,0.003377,11,0,737157.807,60,2,6132,4,0,1
"606",3,"D","o","      4/7/2018","      18:52:51",1,9.485,0.066,0.017447,11,0,737157.7867,78,3,5838,4,0,1
"607",3,"D","o","      4/7/2018","      18:41:15",1,9.333882,0.088,0.026837,15,0,737157.7786,44,2,6638,4,0,1
"608",3,"D","o","      4/7/2018","      19:45:29",3,7.990875,0.08,0.019456,15,0,737157.8233,28,1,7720,4,0,1
"609",3,"D","o","      4/7/2018","      19:16:16",2,9.295294,0.065,0.019846,15,0,737157.803,44,2,6520,4,0,1
"610",3,"D","o","      4/7/2018","      21:53:44",6,0.291556,0.009,0.002229,15,0,737157.9123,94,3,11772,4,0,1
"611",3,"D","o","      4/7/2018","      22:40:34",8,7.489647,0.065,0.016856,15,0,737157.9448,28,1,7969,4,0,1
"612",3,"D","o","      4/7/2018","      18:58:39",1,0.385353,0.007,0.002396,15,0,737157.7907,94,3,11498,4,0,1
"613",3,"D","o","      4/7/2018","      19:27:52",2,9.558059,0.089,0.026418,11,0,737157.811,78,3,5819,4,0,1
"614",3,"D","o","      4/7/2018","      22:46:22",8,9.213,0.126,0.034167,15,0,737157.9489,44,2,6694,4,0,1
"615",3,"D","o","      4/7/2018","      18:35:27",1,8.288412,0.06,0.018672,15,0,737157.7746,28,1,7689,4,0,1
"616",3,"D","o","      4/7/2018","      19:05:01",2,10.082353,0.142,0.038326,11,0,737157.7952,13,1,5442,4,0,1
"617",3,"D","o","      4/7/2018","      20:20:30",4,8.271313,0.06,0.020052,15,0,737157.8476,28,1,7582,4,0,1
"618",3,"D","o","      4/7/2018","      19:40:02",3,10.122333,0.12,0.032921,11,0,737157.8195,13,1,5417,4,0,1
"619",3,"D","o","      4/7/2018","      21:30:32",6,7.604437,0.051,0.016133,15,0,737157.8962,28,1,7965,4,0,1
"620",3,"D","o","      4/7/2018","      20:50:04",5,10.141882,0.119,0.036121,11,0,737157.8681,13,1,5382,4,0,1
"621",3,"D","o","      4/7/2018","      21:25:05",6,10.208556,0.17,0.04048,11,0,737157.8924,13,1,5285,4,0,1
"622",3,"D","o","      4/7/2018","      21:42:08",6,0.388765,0.019,0.004236,11,0,737157.9043,60,2,6102,4,0,1
"623",3,"D","o","      4/7/2018","      23:15:35",9,7.291778,0.051,0.017719,15,0,737157.9692,28,1,8125,4,0,1
"624",3,"D","o","      4/7/2018","      22:52:10",8,0.33,0.017,0.00473,11,0,737157.9529,60,2,6123,4,0,1
"625",3,"D","o","      4/7/2018","      23:38:48",9,0.327941,0.007,0.001983,15,0,737157.9853,94,3,11765,4,0,1
"626",3,"D","o","      4/7/2018","      20:08:41",3,0.294529,0.008,0.002154,15,0,737157.8394,94,3,11697,4,0,1
"627",3,"D","o","      4/7/2018","      23:21:23",9,9.1945,0.104,0.026469,15,0,737157.9732,44,2,6687,4,0,1
"628",3,"D","o","      4/7/2018","      19:33:40",2,1.622,0.056,0.017934,15,0,737157.815,94,3,9881,4,0,1
"629",3,"D","o","      4/7/2018","      19:10:27",2,8.156412,0.081,0.01966,15,0,737157.7989,28,1,7707,4,0,1
"630",4,"A","i","      4/7/2018","      21:13:17",5,3.040588,0.047,0.013196,11,0,737157.8842,79,3,4437,6,-0.353,-0.353
"631",4,"A","i","      4/7/2018","      22:11:43",7,9.630824,0.144,0.036543,15,0,737157.9248,45,2,3386,6,-0.353,-0.353
"632",4,"A","i","      4/7/2018","      22:29:07",7,0.743722,0.007,0.002052,15,0,737157.9369,95,3,17243,6,-0.353,-0.353
"633",4,"A","i","      4/7/2018","      22:40:56",8,9.103,0.159,0.030139,15,0,737157.9451,29,1,5634,6,-0.353,-0.353
"634",4,"A","i","      4/7/2018","      18:29:17",1,10.235941,0.136,0.040345,11,0,737157.7703,11,1,4375,6,-0.353,-0.353
"635",4,"A","i","      4/7/2018","      22:46:44",8,9.572118,0.165,0.043899,15,0,737157.9491,45,2,3399,6,-0.353,-0.353
"636",4,"A","i","      4/7/2018","      20:49:21",5,10.26775,0.144,0.039494,11,0,737157.8676,11,1,4330,6,-0.353,-0.353
"637",4,"A","i","      4/7/2018","      22:23:19",7,2.904813,0.043,0.01168,11,0,737157.9329,79,3,4500,6,-0.353,-0.353
"638",4,"A","i","      4/7/2018","      21:19:05",5,0.833824,0.009,0.002351,15,0,737157.8883,95,3,17129,6,-0.353,-0.353
"639",4,"A","i","      4/7/2018","      19:57:48",3,9.473278,0.101,0.024729,11,0,737157.8318,62,2,8004,6,-0.353,-0.353
"640",4,"A","i","      4/7/2018","      23:04:08",8,0.853882,0.008,0.002233,15,0,737157.9612,95,3,17019,6,-0.353,-0.353
"641",4,"A","i","      4/7/2018","      20:32:49",4,9.448889,0.064,0.018802,11,0,737157.8561,62,2,8006,6,-0.353,-0.353
"642",4,"A","i","      4/7/2018","      20:03:15",3,3.365,0.048,0.011837,11,0,737157.8356,79,3,4316,6,-0.353,-0.353
"643",4,"A","i","      4/7/2018","      20:09:03",3,1.057529,0.009,0.002375,15,0,737157.8396,95,3,16655,6,-0.353,-0.353
"644",4,"A","i","      4/7/2018","      21:07:50",5,9.370222,0.097,0.020461,11,0,737157.8804,62,2,8028,6,-0.353,-0.353
"645",4,"A","i","      4/7/2018","      21:59:23",7,10.246235,0.12,0.036679,11,0,737157.9162,11,1,4326,6,-0.353,-0.353
"646",4,"A","i","      4/7/2018","      22:58:20",8,2.665765,0.038,0.010657,11,0,737157.9572,79,3,4598,6,-0.353,-0.353
"647",4,"A","i","      4/7/2018","      19:51:38",3,9.738778,0.145,0.039217,15,0,737157.8275,45,2,3381,6,-0.353,-0.353
"648",4,"A","i","      4/7/2018","      20:44:04",4,0.937765,0.005,0.001602,15,0,737157.8639,95,3,16903,6,-0.353,-0.353
"649",4,"A","i","      4/7/2018","      21:48:18",6,3.021412,0.04,0.010811,11,0,737157.9085,79,3,4455,6,-0.353,-0.353
"650",4,"A","i","      4/7/2018","      22:34:25",8,10.100824,0.151,0.038572,11,0,737157.9406,11,1,4364,6,-0.353,-0.353
"651",4,"A","i","      4/7/2018","      21:54:06",6,0.738059,0.004,0.001345,15,0,737157.9126,95,3,17332,6,-0.353,-0.353
"652",4,"A","i","      4/7/2018","      20:26:40",4,9.695,0.135,0.046008,15,0,737157.8519,45,2,3381,6,-0.353,-0.353
"653",4,"A","i","      4/7/2018","      23:15:57",9,9.110294,0.107,0.023824,15,0,737157.9694,29,1,5623,6,-0.353,-0.353
"654",4,"A","i","      4/7/2018","      22:17:53",7,9.141706,0.062,0.016484,11,0,737157.9291,62,2,8110,6,-0.353,-0.353
"655",4,"A","i","      4/7/2018","      23:21:45",9,9.601471,0.143,0.036622,15,0,737157.9734,45,2,3404,6,-0.353,-0.353
"656",4,"A","i","      4/7/2018","      18:47:46",1,9.616278,0.107,0.025323,11,0,737157.7832,62,2,7939,6,-0.353,-0.353
"657",4,"A","i","      4/7/2018","      18:53:13",1,3.464588,0.047,0.012938,11,0,737157.787,79,3,4270,6,-0.353,-0.353
"658",4,"A","i","      4/7/2018","      22:05:55",7,9.054588,0.098,0.028842,15,0,737157.9208,29,1,5655,6,-0.353,-0.353
"659",4,"A","i","      4/7/2018","      21:36:42",6,9.647706,0.117,0.032836,15,0,737157.9005,45,2,3386,6,-0.353,-0.353
"660",4,"A","i","      4/7/2018","      20:38:16",4,3.288588,0.046,0.01367,11,0,737157.8599,79,3,4344,6,-0.353,-0.353
"661",4,"A","i","      4/7/2018","      18:35:48",1,8.761176,0.115,0.028174,15,0,737157.7749,29,1,5741,6,-0.353,-0.353
"662",4,"A","i","      4/7/2018","      21:42:51",6,9.235333,0.051,0.015782,11,0,737157.9048,62,2,8088,6,-0.353,-0.353
"663",4,"A","i","      4/7/2018","      20:20:51",4,8.330222,0.088,0.023832,15,0,737157.8478,29,1,5888,6,-0.353,-0.353
"664",4,"A","i","      4/7/2018","      23:33:22",9,2.518,0.039,0.011158,11,0,737157.9815,79,3,4655,6,-0.353,-0.353
"665",4,"A","i","      4/7/2018","      18:59:02",1,1.47025,0.011,0.002864,15,0,737157.791,95,3,15696,6,-0.353,-0.353
"666",4,"A","i","      4/7/2018","      20:14:20",4,10.233625,0.144,0.040252,11,0,737157.8433,11,1,4350,6,-0.353,-0.353
"667",4,"A","i","      4/7/2018","      22:52:54",8,9.006765,0.056,0.015454,11,0,737157.9534,62,2,8163,6,-0.353,-0.353
"668",4,"A","i","      4/7/2018","      23:27:55",9,8.788176,0.062,0.015171,11,0,737157.9777,62,2,8475,6,-0.353,-0.353
"669",4,"A","i","      4/7/2018","      23:09:25",9,10.044167,0.155,0.04262,11,0,737157.9649,11,1,4368,6,-0.353,-0.353
"670",4,"A","i","      4/7/2018","      20:55:52",5,8.892667,0.088,0.023346,15,0,737157.8721,29,1,5709,6,-0.353,-0.353
"671",4,"A","i","      4/7/2018","      19:04:18",2,10.300059,0.186,0.043414,11,0,737157.7947,11,1,4360,6,-0.353,-0.353
"672",4,"A","i","      4/7/2018","      23:39:10",9,0.77175,0.009,0.002206,15,0,737157.9855,95,3,17194,6,-0.353,-0.353
"673",4,"A","i","      4/7/2018","      21:24:22",6,10.246187,0.21,0.058706,11,0,737157.8919,11,1,4327,6,-0.353,-0.353
"674",4,"A","i","      4/7/2018","      19:45:50",3,9.189833,0.089,0.02744,15,0,737157.8235,29,1,5601,6,-0.353,-0.353
"675",4,"A","i","      4/7/2018","      21:01:41",5,9.695412,0.198,0.052025,15,0,737157.8762,45,2,3378,6,-0.353,-0.353
"676",4,"A","i","      4/7/2018","      19:22:47",2,9.535222,0.078,0.021048,11,0,737157.8075,62,2,7978,6,-0.353,-0.353
"677",4,"A","i","      4/7/2018","      19:39:19",3,10.240313,0.163,0.056635,11,0,737157.819,11,1,4352,6,-0.353,-0.353
"678",4,"A","i","      4/7/2018","      18:41:36",1,9.771944,0.308,0.067824,15,0,737157.7789,45,2,3361,6,-0.353,-0.353
"679",4,"A","i","      4/7/2018","      19:16:37",2,9.741235,0.169,0.051116,15,0,737157.8032,45,2,3367,6,-0.353,-0.353
"680",4,"A","i","      4/7/2018","      21:30:53",6,9.144167,0.097,0.033138,15,0,737157.8964,29,1,5624,6,-0.353,-0.353
"681",4,"A","i","      4/7/2018","      19:28:14",2,3.310765,0.053,0.013958,11,0,737157.8113,79,3,4323,6,-0.353,-0.353
"682",4,"A","i","      4/7/2018","      19:34:02",2,4.575412,0.129,0.040434,15,0,737157.8153,95,3,11493,6,-0.353,-0.353
"683",4,"A","i","      4/7/2018","      19:10:49",2,9.062059,0.129,0.02893,15,0,737157.7992,29,1,5648,6,-0.353,-0.353
"684",4,"B","o","      4/7/2018","      22:17:31",7,3.663647,0.052,0.014026,11,0,737157.9288,61,2,3895,6,0.707,-0.707
"685",4,"B","o","      4/7/2018","      22:00:28",7,4.851941,0.067,0.016494,11,0,737157.917,14,1,6394,6,0.707,-0.707
"686",4,"B","o","      4/7/2018","      22:12:05",7,9.139,0.084,0.023535,15,0,737157.9251,46,2,6290,6,0.707,-0.707
"687",4,"B","o","      4/7/2018","      22:29:29",7,6.981765,0.048,0.013084,15,0,737157.9371,96,3,8351,6,0.707,-0.707
"688",4,"B","o","      4/7/2018","      19:52:00",3,9.135294,0.111,0.031388,15,0,737157.8278,46,2,6752,6,0.707,-0.707
"689",4,"B","o","      4/7/2018","      22:35:29",8,4.324056,0.057,0.015983,11,0,737157.9413,14,1,6657,6,0.707,-0.707
"690",4,"B","o","      4/7/2018","      22:41:18",8,3.128062,0.022,0.006875,15,0,737157.9453,30,1,6326,6,0.707,-0.707
"691",4,"B","o","      4/7/2018","      22:47:06",8,9.134,0.127,0.034353,15,0,737157.9494,46,2,6286,6,0.707,-0.707
"692",4,"B","o","      4/7/2018","      18:30:22",1,4.164889,0.025,0.00797,11,0,737157.7711,14,1,6701,6,0.707,-0.707
"693",4,"B","o","      4/7/2018","      22:52:32",8,3.296294,0.055,0.014352,11,0,737157.9531,61,2,4014,6,0.707,-0.707
"694",4,"B","o","      4/7/2018","      22:58:42",8,2.599,0.013,0.004402,11,0,737157.9574,80,3,14172,6,0.707,-0.707
"695",4,"B","o","      4/7/2018","      19:57:26",3,4.103353,0.051,0.016275,11,0,737157.8316,61,2,3949,6,0.707,-0.707
"696",4,"B","o","      4/7/2018","      22:06:16",7,2.391059,0.032,0.009826,15,0,737157.921,30,1,6828,6,0.707,-0.707
"697",4,"B","o","      4/7/2018","      22:23:41",7,2.732824,0.013,0.003557,11,0,737157.9331,80,3,14190,6,0.707,-0.707
"698",4,"B","o","      4/7/2018","      19:46:12",3,2.888412,0.036,0.008254,15,0,737157.8238,30,1,6551,6,0.707,-0.707
"699",4,"B","o","      4/7/2018","      23:27:33",9,3.965611,0.058,0.016695,11,0,737157.9775,61,2,3806,6,0.707,-0.707
"700",4,"B","o","      4/7/2018","      23:04:30",8,7.299882,0.069,0.018179,15,0,737157.9615,96,3,8159,6,0.707,-0.707
"701",4,"B","o","      4/7/2018","      23:39:32",9,7.639824,0.095,0.024021,15,0,737157.9858,96,3,7965,6,0.707,-0.707
"702",4,"B","o","      4/7/2018","      18:36:10",1,2.633941,0.026,0.006552,15,0,737157.7751,30,1,6791,6,0.707,-0.707
"703",4,"B","o","      4/7/2018","      20:15:25",4,3.381588,0.024,0.00773,11,0,737157.844,14,1,7164,6,0.707,-0.707
"704",4,"B","o","      4/7/2018","      18:41:58",1,9.058375,0.068,0.01807,15,0,737157.7791,46,2,6789,6,0.707,-0.707
"705",4,"B","o","      4/7/2018","      18:47:25",1,6.893235,0.081,0.026946,11,0,737157.7829,61,2,3099,6,0.707,-0.707
"706",4,"B","o","      4/7/2018","      23:33:43",9,2.856611,0.015,0.003775,11,0,737157.9817,80,3,13661,6,0.707,-0.707
"707",4,"B","o","      4/7/2018","      23:10:31",9,3.884059,0.029,0.00862,11,0,737157.9656,14,1,6708,6,0.707,-0.707
"708",4,"B","o","      4/7/2018","      20:21:13",4,1.507118,0.013,0.004285,15,0,737157.8481,30,1,7573,6,0.707,-0.707
"709",4,"B","o","      4/7/2018","      18:53:34",1,6.908556,0.048,0.013382,11,0,737157.7872,80,3,11231,6,0.707,-0.707
"710",4,"B","o","      4/7/2018","      23:16:20",9,3.449688,0.04,0.011926,15,0,737157.9697,30,1,6123,6,0.707,-0.707
"711",4,"B","o","      4/7/2018","      21:13:38",5,2.996353,0.018,0.00582,11,0,737157.8845,80,3,14295,6,0.707,-0.707
"712",4,"B","o","      4/7/2018","      23:22:07",9,9.135813,0.08,0.02325,15,0,737157.9737,46,2,6282,6,0.707,-0.707
"713",4,"B","o","      4/7/2018","      21:19:27",5,6.866,0.064,0.016774,15,0,737157.8885,96,3,8280,6,0.707,-0.707
"714",4,"B","o","      4/7/2018","      20:27:01",4,9.170222,0.117,0.03041,15,0,737157.8521,46,2,6294,6,0.707,-0.707
"715",4,"B","o","      4/7/2018","      18:59:23",1,6.882471,0.04,0.013352,15,0,737157.7912,96,3,8348,6,0.707,-0.707
"716",4,"B","o","      4/7/2018","      19:05:23",2,3.443471,0.032,0.008375,11,0,737157.7954,14,1,7109,6,0.707,-0.707
"717",4,"B","o","      4/7/2018","      21:25:27",6,3.485353,0.028,0.007458,11,0,737157.8927,14,1,7103,6,0.707,-0.707
"718",4,"B","o","      4/7/2018","      19:22:26",2,5.222313,0.079,0.019238,11,0,737157.8072,61,2,3638,6,0.707,-0.707
"719",4,"B","o","      4/7/2018","      21:31:15",6,2.581765,0.023,0.00622,15,0,737157.8967,30,1,6703,6,0.707,-0.707
"720",4,"B","o","      4/7/2018","      20:32:28",4,4.681438,0.136,0.037482,11,0,737157.8559,61,2,3791,6,0.707,-0.707
"721",4,"B","o","      4/7/2018","      19:28:35",2,5.47,0.042,0.012104,11,0,737157.8115,80,3,12360,6,0.707,-0.707
"722",4,"B","o","      4/7/2018","      20:09:25",3,6.760937,0.048,0.015377,15,0,737157.8399,96,3,8382,6,0.707,-0.707
"723",4,"B","o","      4/7/2018","      21:42:30",6,4.010062,0.07,0.017582,11,0,737157.9045,61,2,3965,6,0.707,-0.707
"724",4,"B","o","      4/7/2018","      19:11:11",2,2.120235,0.023,0.00634,15,0,737157.7994,30,1,7135,6,0.707,-0.707
"725",4,"B","o","      4/7/2018","      19:16:59",2,9.125765,0.083,0.022747,15,0,737157.8035,46,2,6758,6,0.707,-0.707
"726",4,"B","o","      4/7/2018","      20:03:36",3,4.049235,0.022,0.006379,11,0,737157.8358,80,3,13802,6,0.707,-0.707
"727",4,"B","o","      4/7/2018","      19:34:24",2,7.909235,0.104,0.02967,15,0,737157.8156,96,3,7777,6,0.707,-0.707
"728",4,"B","o","      4/7/2018","      20:44:26",4,6.828813,0.051,0.014689,15,0,737157.8642,96,3,8313,6,0.707,-0.707
"729",4,"B","o","      4/7/2018","      19:40:24",3,3.419235,0.031,0.008182,11,0,737157.8197,14,1,7131,6,0.707,-0.707
"730",4,"B","o","      4/7/2018","      21:48:41",6,2.869125,0.018,0.005084,11,0,737157.9088,80,3,14167,6,0.707,-0.707
"731",4,"B","o","      4/7/2018","      20:50:26",5,3.474,0.032,0.007575,11,0,737157.8684,14,1,7106,6,0.707,-0.707
"732",4,"B","o","      4/7/2018","      21:54:28",6,6.812875,0.046,0.012727,15,0,737157.9128,96,3,8297,6,0.707,-0.707
"733",4,"B","o","      4/7/2018","      21:02:02",5,9.155778,0.118,0.02785,15,0,737157.8764,46,2,6296,6,0.707,-0.707
"734",4,"B","o","      4/7/2018","      21:37:03",6,9.135667,0.112,0.029866,15,0,737157.9007,46,2,6293,6,0.707,-0.707
"735",4,"B","o","      4/7/2018","      20:56:14",5,1.89,0.022,0.005172,15,0,737157.8724,30,1,7235,6,0.707,-0.707
"736",4,"B","o","      4/7/2018","      20:38:38",4,3.72675,0.02,0.005756,11,0,737157.8602,80,3,13670,6,0.707,-0.707
"737",4,"B","o","      4/7/2018","      21:07:29",5,5.458062,0.082,0.023118,11,0,737157.8802,61,2,3576,6,0.707,-0.707
"738",4,"C","i","      4/7/2018","      22:29:51",7,0.027706,0.006,0.00149,15,0,737157.9374,97,3,15302,6,0.353,0.353
"739",4,"C","i","      4/7/2018","      22:41:39",8,5.065444,0.019,0.005078,15,0,737157.9456,31,1,14091,6,0.353,0.353
"740",4,"C","i","      4/7/2018","      18:30:44",1,9.527353,0.087,0.020112,11,0,737157.7713,15,1,8912,6,0.353,0.353
"741",4,"C","i","      4/7/2018","      22:12:26",7,9.096941,0.055,0.015073,15,0,737157.9253,47,2,11322,6,0.353,0.353
"742",4,"C","i","      4/7/2018","      22:24:03",7,6.749882,0.03,0.007944,11,0,737157.9334,81,3,8511,6,0.353,0.353
"743",4,"C","i","      4/7/2018","      22:35:51",8,8.769824,0.085,0.018447,11,0,737157.9416,15,1,9237,6,0.353,0.353
"744",4,"C","i","      4/7/2018","      19:52:22",3,9.159529,0.036,0.01117,15,0,737157.828,47,2,11325,6,0.353,0.353
"745",4,"C","i","      4/7/2018","      22:00:50",7,8.791941,0.059,0.01685,11,0,737157.9172,15,1,9224,6,0.353,0.353
"746",4,"C","i","      4/7/2018","      19:58:10",3,9.864059,0.059,0.017097,11,0,737157.8321,63,2,8399,6,0.353,0.353
"747",4,"C","i","      4/7/2018","      22:06:38",7,4.471235,0.022,0.005506,15,0,737157.9213,31,1,14833,6,0.353,0.353
"748",4,"C","i","      4/7/2018","      20:03:58",3,7.480353,0.062,0.019281,11,0,737157.8361,81,3,8107,6,0.353,0.353
"749",4,"C","i","      4/7/2018","      22:18:14",7,9.8295,0.068,0.019005,11,0,737157.9293,63,2,8427,6,0.353,0.353
"750",4,"C","i","      4/7/2018","      22:47:27",8,9.086833,0.061,0.016397,15,0,737157.9496,47,2,11300,6,0.353,0.353
"751",4,"C","i","      4/7/2018","      18:36:32",1,5.764412,0.029,0.007819,15,0,737157.7754,31,1,13369,6,0.353,0.353
"752",4,"C","i","      4/7/2018","      19:46:34",3,5.177938,0.023,0.007836,15,0,737157.824,31,1,13997,6,0.353,0.353
"753",4,"C","i","      4/7/2018","      22:53:16",8,9.731188,0.094,0.022584,11,0,737157.9537,63,2,8485,6,0.353,0.353
"754",4,"C","i","      4/7/2018","      22:59:04",8,7.150824,0.06,0.016261,11,0,737157.9577,81,3,8306,6,0.353,0.353
"755",4,"C","i","      4/7/2018","      23:04:52",8,0.027412,0.005,0.001326,15,0,737157.9617,97,3,15409,6,0.353,0.353
"756",4,"C","i","      4/7/2018","      20:09:46",3,0.401667,0.009,0.002275,15,0,737157.8401,97,3,14822,6,0.353,0.353
"757",4,"C","i","      4/7/2018","      18:42:20",1,9.163353,0.025,0.008544,15,0,737157.7794,47,2,11348,6,0.353,0.353
"758",4,"C","i","      4/7/2018","      18:48:09",1,9.859938,0.066,0.015864,11,0,737157.7834,63,2,8401,6,0.353,0.353
"759",4,"C","i","      4/7/2018","      23:10:52",9,8.659889,0.061,0.016066,11,0,737157.9659,15,1,9252,6,0.353,0.353
"760",4,"C","i","      4/7/2018","      23:16:41",9,4.601824,0.033,0.00916,15,0,737157.9699,31,1,14635,6,0.353,0.353
"761",4,"C","i","      4/7/2018","      20:15:48",4,9.340875,0.074,0.022438,11,0,737157.8443,15,1,8989,6,0.353,0.353
"762",4,"C","i","      4/7/2018","      23:22:29",9,9.085,0.079,0.018207,15,0,737157.9739,47,2,11300,6,0.353,0.353
"763",4,"C","i","      4/7/2018","      20:21:35",4,5.196813,0.026,0.006988,15,0,737157.8483,31,1,13983,6,0.353,0.353
"764",4,"C","i","      4/7/2018","      18:53:56",1,9.220765,0.061,0.019234,11,0,737157.7875,81,3,7327,6,0.353,0.353
"765",4,"C","i","      4/7/2018","      23:28:17",9,9.682562,0.077,0.020063,11,0,737157.978,63,2,8480,6,0.353,0.353
"766",4,"C","i","      4/7/2018","      20:27:23",4,9.135118,0.066,0.015576,15,0,737157.8524,47,2,11336,6,0.353,0.353
"767",4,"C","i","      4/7/2018","      18:59:44",1,0.535056,0.009,0.002155,15,0,737157.7915,97,3,14409,6,0.353,0.353
"768",4,"C","i","      4/7/2018","      23:34:05",9,7.449176,0.046,0.012105,11,0,737157.982,81,3,8146,6,0.353,0.353
"769",4,"C","i","      4/7/2018","      20:33:11",4,9.858,0.072,0.019739,11,0,737157.8564,63,2,8423,6,0.353,0.353
"770",4,"C","i","      4/7/2018","      19:05:45",2,9.454688,0.076,0.022333,11,0,737157.7957,15,1,8945,6,0.353,0.353
"771",4,"C","i","      4/7/2018","      21:14:00",5,7.927353,0.079,0.020193,11,0,737157.8847,81,3,7912,6,0.353,0.353
"772",4,"C","i","      4/7/2018","      19:11:33",2,4.936235,0.022,0.00623,15,0,737157.7997,31,1,14296,6,0.353,0.353
"773",4,"C","i","      4/7/2018","      21:19:48",5,0.036944,0.006,0.001474,15,0,737157.8888,97,3,15679,6,0.353,0.353
"774",4,"C","i","      4/7/2018","      23:39:53",9,0.027222,0.004,0.001263,15,0,737157.986,97,3,15461,6,0.353,0.353
"775",4,"C","i","      4/7/2018","      20:38:59",4,7.357278,0.068,0.016669,11,0,737157.8604,81,3,8187,6,0.353,0.353
"776",4,"C","i","      4/7/2018","      20:44:47",4,0.102389,0.006,0.001501,15,0,737157.8644,97,3,15501,6,0.353,0.353
"777",4,"C","i","      4/7/2018","      19:17:21",2,9.163765,0.061,0.016068,15,0,737157.8037,47,2,11333,6,0.353,0.353
"778",4,"C","i","      4/7/2018","      21:25:49",6,9.030412,0.048,0.015859,11,0,737157.8929,15,1,9114,6,0.353,0.353
"779",4,"C","i","      4/7/2018","      19:23:09",2,9.862941,0.055,0.015035,11,0,737157.8077,63,2,8395,6,0.353,0.353
"780",4,"C","i","      4/7/2018","      19:28:57",2,8.453222,0.082,0.019568,11,0,737157.8118,81,3,7650,6,0.353,0.353
"781",4,"C","i","      4/7/2018","      20:50:49",5,9.188812,0.082,0.023327,11,0,737157.8686,15,1,9056,6,0.353,0.353
"782",4,"C","i","      4/7/2018","      20:56:36",5,4.714812,0.018,0.005799,15,0,737157.8726,31,1,14554,6,0.353,0.353
"783",4,"C","i","      4/7/2018","      21:31:37",6,4.726437,0.022,0.008008,15,0,737157.897,31,1,14519,6,0.353,0.353
"784",4,"C","i","      4/7/2018","      21:02:24",5,9.121118,0.041,0.013923,15,0,737157.8767,47,2,11341,6,0.353,0.353
"785",4,"C","i","      4/7/2018","      19:34:46",2,1.727824,0.058,0.018163,15,0,737157.8158,97,3,12598,6,0.353,0.353
"786",4,"C","i","      4/7/2018","      21:43:13",6,9.848,0.073,0.018633,11,0,737157.905,63,2,8424,6,0.353,0.353
"787",4,"C","i","      4/7/2018","      19:40:47",3,9.3995,0.083,0.02248,11,0,737157.82,15,1,8956,6,0.353,0.353
"788",4,"C","i","      4/7/2018","      21:49:01",6,7.2755,0.063,0.019865,11,0,737157.909,81,3,8226,6,0.353,0.353
"789",4,"C","i","      4/7/2018","      21:54:50",6,0.029765,0.005,0.001393,15,0,737157.9131,97,3,15165,6,0.353,0.353
"790",4,"C","i","      4/7/2018","      21:37:25",6,9.101647,0.07,0.015584,15,0,737157.901,47,2,11329,6,0.353,0.353
"791",4,"C","i","      4/7/2018","      21:08:12",5,9.861471,0.074,0.022375,11,0,737157.8807,63,2,8408,6,0.353,0.353
"792",4,"D","o","      4/7/2018","      22:53:37",8,8.263389,0.066,0.018576,11,0,737157.9539,64,2,9205,6,-0.707,0.707
"793",4,"D","o","      4/7/2018","      22:01:12",7,9.849471,0.158,0.042706,11,0,737157.9175,16,1,4614,6,-0.707,0.707
"794",4,"D","o","      4/7/2018","      22:59:25",8,7.061588,0.051,0.015768,11,0,737157.9579,82,3,12514,6,-0.707,0.707
"795",4,"D","o","      4/7/2018","      22:47:49",8,9.274235,0.13,0.030093,15,0,737157.9499,48,2,5920,6,-0.707,0.707
"796",4,"D","o","      4/7/2018","      19:52:44",3,9.036937,0.097,0.029854,15,0,737157.8283,48,2,5926,6,-0.707,0.707
"797",4,"D","o","      4/7/2018","      18:48:30",1,8.011824,0.062,0.016218,11,0,737157.7837,64,2,9373,6,-0.707,0.707
"798",4,"D","o","      4/7/2018","      18:42:42",1,9.275412,0.121,0.029058,15,0,737157.7797,48,2,5853,6,-0.707,0.707
"799",4,"D","o","      4/7/2018","      23:05:14",8,3.56525,0.021,0.006126,15,0,737157.962,98,3,9626,6,-0.707,0.707
"800",4,"D","o","      4/7/2018","      18:54:18",1,9.197235,0.048,0.014931,11,0,737157.7877,82,3,11104,6,-0.707,0.707
"801",4,"D","o","      4/7/2018","      18:31:06",1,10.1135,0.11,0.032276,11,0,737157.7716,16,1,4923,6,-0.707,0.707
"802",4,"D","o","      4/7/2018","      23:11:14",9,9.749688,0.142,0.041777,11,0,737157.9661,16,1,4642,6,-0.707,0.707
"803",4,"D","o","      4/7/2018","      22:12:48",7,9.274059,0.112,0.028817,15,0,737157.9256,48,2,5929,6,-0.707,0.707
"804",4,"D","o","      4/7/2018","      20:10:08",3,3.444118,0.031,0.00768,15,0,737157.8404,98,3,9717,6,-0.707,0.707
"805",4,"D","o","      4/7/2018","      22:18:37",7,8.124529,0.06,0.018702,11,0,737157.9296,64,2,9292,6,-0.707,0.707
"806",4,"D","o","      4/7/2018","      20:16:08",4,10.0845,0.17,0.041277,11,0,737157.8445,16,1,4574,6,-0.707,0.707
"807",4,"D","o","      4/7/2018","      23:22:50",9,9.259278,0.089,0.024629,15,0,737157.9742,48,2,5910,6,-0.707,0.707
"808",4,"D","o","      4/7/2018","      22:24:24",7,8.381706,0.055,0.014408,11,0,737157.9336,82,3,11600,6,-0.707,0.707
"809",4,"D","o","      4/7/2018","      22:30:13",7,3.472118,0.021,0.005819,15,0,737157.9377,98,3,9698,6,-0.707,0.707
"810",4,"D","o","      4/7/2018","      19:58:32",3,9.011941,0.056,0.01814,11,0,737157.8323,64,2,8854,6,-0.707,0.707
"811",4,"D","o","      4/7/2018","      20:27:45",4,9.233687,0.074,0.019523,15,0,737157.8526,48,2,5859,6,-0.707,0.707
"812",4,"D","o","      4/7/2018","      22:36:13",8,9.826118,0.124,0.038966,11,0,737157.9418,16,1,4634,6,-0.707,0.707
"813",4,"D","o","      4/7/2018","      20:04:20",3,9.200765,0.05,0.014016,11,0,737157.8363,82,3,11111,6,-0.707,0.707
"814",4,"D","o","      4/7/2018","      19:00:06",1,3.161353,0.027,0.007097,15,0,737157.7917,98,3,9967,6,-0.707,0.707
"815",4,"D","o","      4/7/2018","      20:45:09",4,3.553706,0.025,0.006332,15,0,737157.8647,98,3,9630,6,-0.707,0.707
"816",4,"D","o","      4/7/2018","      23:28:39",9,8.752647,0.067,0.021095,11,0,737157.9782,64,2,8964,6,-0.707,0.707
"817",4,"D","o","      4/7/2018","      20:33:33",4,9.082063,0.076,0.016707,11,0,737157.8566,64,2,8910,6,-0.707,0.707
"818",4,"D","o","      4/7/2018","      19:06:06",2,10.1125,0.101,0.029312,11,0,737157.7959,16,1,4610,6,-0.707,0.707
"819",4,"D","o","      4/7/2018","      20:51:09",5,10.023333,0.129,0.028675,11,0,737157.8689,16,1,4577,6,-0.707,0.707
"820",4,"D","o","      4/7/2018","      23:34:27",9,6.763059,0.026,0.007909,11,0,737157.9823,82,3,12759,6,-0.707,0.707
"821",4,"D","o","      4/7/2018","      20:39:21",4,9.258471,0.059,0.016823,11,0,737157.8607,82,3,11064,6,-0.707,0.707
"822",4,"D","o","      4/7/2018","      23:40:15",9,3.458813,0.029,0.007799,15,0,737157.9863,98,3,9714,6,-0.707,0.707
"823",4,"D","o","      4/7/2018","      21:14:22",5,8.237647,0.061,0.015435,11,0,737157.885,82,3,11715,6,-0.707,0.707
"824",4,"D","o","      4/7/2018","      19:17:43",2,9.33025,0.091,0.030645,15,0,737157.804,48,2,5839,6,-0.707,0.707
"825",4,"D","o","      4/7/2018","      21:02:46",5,9.097188,0.098,0.029701,15,0,737157.8769,48,2,5902,6,-0.707,0.707
"826",4,"D","o","      4/7/2018","      21:20:10",5,3.636529,0.021,0.006043,15,0,737157.889,98,3,9560,6,-0.707,0.707
"827",4,"D","o","      4/7/2018","      19:23:31",2,7.868647,0.058,0.015321,11,0,737157.808,64,2,9441,6,-0.707,0.707
"828",4,"D","o","      4/7/2018","      21:08:34",5,8.761765,0.064,0.017548,11,0,737157.8809,64,2,8961,6,-0.707,0.707
"829",4,"D","o","      4/7/2018","      21:26:11",6,9.971824,0.145,0.040035,11,0,737157.8932,16,1,4589,6,-0.707,0.707
"830",4,"D","o","      4/7/2018","      19:29:19",2,9.219529,0.049,0.012319,11,0,737157.812,82,3,11104,6,-0.707,0.707
"831",4,"D","o","      4/7/2018","      21:43:35",6,8.426,0.053,0.014601,11,0,737157.9053,64,2,9139,6,-0.707,0.707
"832",4,"D","o","      4/7/2018","      19:35:07",2,4.525,0.057,0.015973,15,0,737157.8161,98,3,8855,6,-0.707,0.707
"833",4,"D","o","      4/7/2018","      21:49:23",6,8.345118,0.032,0.010319,11,0,737157.9093,82,3,11639,6,-0.707,0.707
"834",4,"D","o","      4/7/2018","      21:37:47",6,9.27275,0.087,0.021653,15,0,737157.9012,48,2,5838,6,-0.707,0.707
"835",4,"D","o","      4/7/2018","      19:41:08",3,10.116941,0.164,0.039399,11,0,737157.8202,16,1,4610,6,-0.707,0.707
"836",4,"D","o","      4/7/2018","      21:55:11",6,3.59,0.019,0.00576,15,0,737157.9133,98,3,9599,6,-0.707,0.707
