Temp;O2;DevPeriod;RepNumber;HatchDay
12;2.5;1;10;38
12;2.5;1;10;39
12;2.5;1;10;39
12;2.5;1;10;39
12;2.5;1;10;39
12;2.5;1;10;40
12;2.5;1;10;40
12;2.5;1;10;40
12;2.5;1;10;40
12;2.5;1;10;40
12;2.5;1;10;40
12;2.5;1;10;40
12;2.5;1;10;40
12;2.5;1;10;40
12;2.5;1;10;40
12;2.5;1;10;40
12;2.5;1;10;40
12;2.5;1;10;40
12;2.5;1;10;40
12;2.5;1;10;40
12;2.5;1;10;42
12;2.5;1;10;42
12;2.5;1;10;42
12;2.5;1;10;46
12;2.5;1;11;39
12;2.5;1;11;39
12;2.5;1;11;40
12;2.5;1;11;40
12;2.5;1;11;40
12;2.5;1;11;40
12;2.5;1;11;40
12;2.5;1;11;40
12;2.5;1;11;40
12;2.5;1;11;40
12;2.5;1;11;40
12;2.5;1;11;40
12;2.5;1;11;40
12;2.5;1;11;40
12;2.5;1;11;40
12;2.5;1;11;40
12;2.5;1;11;41
12;2.5;1;11;41
12;2.5;1;11;41
12;2.5;1;11;41
12;2.5;1;11;42
12;2.5;1;11;42
12;2.5;1;11;48
12;2.5;1;11;52
12;2.5;1;12;40
12;2.5;1;12;40
12;2.5;1;12;40
12;2.5;1;12;40
12;2.5;1;12;40
12;2.5;1;12;40
12;2.5;1;12;40
12;2.5;1;12;40
12;2.5;1;12;40
12;2.5;1;12;40
12;2.5;1;12;40
12;2.5;1;12;40
12;2.5;1;12;40
12;2.5;1;12;40
12;2.5;1;12;40
12;2.5;1;12;40
12;2.5;1;12;40
12;2.5;1;12;41
12;2.5;1;12;41
12;2.5;1;12;41
12;2.5;1;12;41
12;2.5;1;12;42
12;2.5;1;12;42
12;2.5;1;12;43
12;2.5;1;13;40
12;2.5;1;13;40
12;2.5;1;13;40
12;2.5;1;13;40
12;2.5;1;13;40
12;2.5;1;13;40
12;2.5;1;13;40
12;2.5;1;13;40
12;2.5;1;13;40
12;2.5;1;13;40
12;2.5;1;13;40
12;2.5;1;13;40
12;2.5;1;13;41
12;2.5;1;13;41
12;2.5;1;13;41
12;2.5;1;13;41
12;2.5;1;13;41
12;2.5;1;13;42
12;2.5;1;13;42
12;2.5;1;13;42
12;2.5;1;13;42
12;2.5;1;13;42
12;2.5;1;13;42
12;2.5;1;13;42
12;2.5;1;13;43
12;2.5;1;14;39
12;2.5;1;14;39
12;2.5;1;14;39
12;2.5;1;14;39
12;2.5;1;14;40
12;2.5;1;14;40
12;2.5;1;14;40
12;2.5;1;14;40
12;2.5;1;14;40
12;2.5;1;14;40
12;2.5;1;14;40
12;2.5;1;14;40
12;2.5;1;14;40
12;2.5;1;14;40
12;2.5;1;14;41
12;2.5;1;14;41
12;2.5;1;14;41
12;2.5;1;14;41
12;2.5;1;14;41
12;2.5;1;14;41
12;2.5;1;14;41
12;2.5;1;14;41
12;2.5;1;14;42
12;2.5;1;14;46
12;2.5;1;14;48
12;2.5;1;15;37
12;2.5;1;15;39
12;2.5;1;15;39
12;2.5;1;15;39
12;2.5;1;15;39
12;2.5;1;15;39
12;2.5;1;15;40
12;2.5;1;15;40
12;2.5;1;15;40
12;2.5;1;15;40
12;2.5;1;15;40
12;2.5;1;15;40
12;2.5;1;15;40
12;2.5;1;15;40
12;2.5;1;15;40
12;2.5;1;15;40
12;2.5;1;15;40
12;2.5;1;15;41
12;2.5;1;15;41
12;2.5;1;15;41
12;2.5;1;15;42
12;2.5;1;15;42
12;2.5;1;15;42
12;2.5;1;15;43
12;2.5;1;15;46
12;2.5;1;16;39
12;2.5;1;16;40
12;2.5;1;16;40
12;2.5;1;16;40
12;2.5;1;16;40
12;2.5;1;16;40
12;2.5;1;16;40
12;2.5;1;16;40
12;2.5;1;16;40
12;2.5;1;16;40
12;2.5;1;16;40
12;2.5;1;16;40
12;2.5;1;16;41
12;2.5;1;16;41
12;2.5;1;16;41
12;2.5;1;16;41
12;2.5;1;16;41
12;2.5;1;16;41
12;2.5;1;16;41
12;2.5;1;16;42
12;2.5;1;16;42
12;2.5;1;16;42
12;2.5;1;16;43
12;2.5;1;16;43
12;2.5;1;17;39
12;2.5;1;17;39
12;2.5;1;17;39
12;2.5;1;17;39
12;2.5;1;17;40
12;2.5;1;17;40
12;2.5;1;17;40
12;2.5;1;17;40
12;2.5;1;17;40
12;2.5;1;17;40
12;2.5;1;17;40
12;2.5;1;17;40
12;2.5;1;17;40
12;2.5;1;17;40
12;2.5;1;17;40
12;2.5;1;17;40
12;2.5;1;17;41
12;2.5;1;17;41
12;2.5;1;17;41
12;2.5;1;17;41
12;2.5;1;17;41
12;2.5;1;17;41
12;2.5;1;17;42
12;2.5;1;17;42
12;2.5;1;17;43
12;2.5;1;18;39
12;2.5;1;18;40
12;2.5;1;18;40
12;2.5;1;18;40
12;2.5;1;18;40
12;2.5;1;18;40
12;2.5;1;18;41
12;2.5;1;18;41
12;2.5;1;18;41
12;2.5;1;18;41
12;2.5;1;18;41
12;2.5;1;18;41
12;2.5;1;18;41
12;2.5;1;18;41
12;2.5;1;18;41
12;2.5;1;18;42
12;2.5;1;18;42
12;2.5;1;18;42
12;2.5;1;18;42
12;2.5;1;18;42
12;2.5;1;18;42
12;2.5;1;18;42
12;2.5;1;18;42
12;2.5;1;18;46
12;2.5;1;18;48
12;2.5;2;19;39
12;2.5;2;19;40
12;2.5;2;19;40
12;2.5;2;19;40
12;2.5;2;19;40
12;2.5;2;19;40
12;2.5;2;19;40
12;2.5;2;19;40
12;2.5;2;19;40
12;2.5;2;19;40
12;2.5;2;19;40
12;2.5;2;19;40
12;2.5;2;19;40
12;2.5;2;19;40
12;2.5;2;19;40
12;2.5;2;19;41
12;2.5;2;19;41
12;2.5;2;19;41
12;2.5;2;19;42
12;2.5;2;19;42
12;2.5;2;19;42
12;2.5;2;19;42
12;2.5;2;19;43
12;2.5;2;19;44
12;2.5;2;19;46
12;2.5;2;20;36
12;2.5;2;20;39
12;2.5;2;20;39
12;2.5;2;20;40
12;2.5;2;20;40
12;2.5;2;20;40
12;2.5;2;20;40
12;2.5;2;20;40
12;2.5;2;20;40
12;2.5;2;20;40
12;2.5;2;20;40
12;2.5;2;20;41
12;2.5;2;20;41
12;2.5;2;20;41
12;2.5;2;20;41
12;2.5;2;20;41
12;2.5;2;20;41
12;2.5;2;20;42
12;2.5;2;20;42
12;2.5;2;20;42
12;2.5;2;20;42
12;2.5;2;20;43
12;2.5;2;20;43
12;2.5;2;20;48
12;2.5;2;21;38
12;2.5;2;21;39
12;2.5;2;21;39
12;2.5;2;21;40
12;2.5;2;21;40
12;2.5;2;21;40
12;2.5;2;21;40
12;2.5;2;21;40
12;2.5;2;21;40
12;2.5;2;21;40
12;2.5;2;21;40
12;2.5;2;21;40
12;2.5;2;21;40
12;2.5;2;21;40
12;2.5;2;21;40
12;2.5;2;21;40
12;2.5;2;21;40
12;2.5;2;21;40
12;2.5;2;21;41
12;2.5;2;21;41
12;2.5;2;21;41
12;2.5;2;21;42
12;2.5;2;21;42
12;2.5;2;21;43
12;2.5;2;22;37
12;2.5;2;22;38
12;2.5;2;22;38
12;2.5;2;22;40
12;2.5;2;22;40
12;2.5;2;22;40
12;2.5;2;22;40
12;2.5;2;22;40
12;2.5;2;22;40
12;2.5;2;22;40
12;2.5;2;22;40
12;2.5;2;22;40
12;2.5;2;22;40
12;2.5;2;22;40
12;2.5;2;22;40
12;2.5;2;22;40
12;2.5;2;22;41
12;2.5;2;22;41
12;2.5;2;22;42
12;2.5;2;22;43
12;2.5;2;22;43
12;2.5;2;22;44
12;2.5;2;22;44
12;2.5;2;22;46
12;2.5;2;23;36
12;2.5;2;23;38
12;2.5;2;23;38
12;2.5;2;23;39
12;2.5;2;23;39
12;2.5;2;23;39
12;2.5;2;23;39
12;2.5;2;23;39
12;2.5;2;23;39
12;2.5;2;23;40
12;2.5;2;23;40
12;2.5;2;23;40
12;2.5;2;23;40
12;2.5;2;23;40
12;2.5;2;23;40
12;2.5;2;23;40
12;2.5;2;23;40
12;2.5;2;23;40
12;2.5;2;23;40
12;2.5;2;23;40
12;2.5;2;23;40
12;2.5;2;23;42
12;2.5;2;23;43
12;2.5;2;23;44
12;2.5;2;24;36
12;2.5;2;24;38
12;2.5;2;24;38
12;2.5;2;24;39
12;2.5;2;24;39
12;2.5;2;24;39
12;2.5;2;24;39
12;2.5;2;24;39
12;2.5;2;24;39
12;2.5;2;24;39
12;2.5;2;24;39
12;2.5;2;24;40
12;2.5;2;24;40
12;2.5;2;24;40
12;2.5;2;24;40
12;2.5;2;24;41
12;2.5;2;24;41
12;2.5;2;24;41
12;2.5;2;24;41
12;2.5;2;24;41
12;2.5;2;24;41
12;2.5;2;24;41
12;2.5;2;24;42
12;2.5;2;24;42
12;2.5;2;24;42
12;2.5;2;25;36
12;2.5;2;25;37
12;2.5;2;25;38
12;2.5;2;25;39
12;2.5;2;25;39
12;2.5;2;25;39
12;2.5;2;25;39
12;2.5;2;25;39
12;2.5;2;25;40
12;2.5;2;25;40
12;2.5;2;25;40
12;2.5;2;25;40
12;2.5;2;25;40
12;2.5;2;25;40
12;2.5;2;25;40
12;2.5;2;25;40
12;2.5;2;25;41
12;2.5;2;25;42
12;2.5;2;25;42
12;2.5;2;25;42
12;2.5;2;25;42
12;2.5;2;25;42
12;2.5;2;25;42
12;2.5;2;25;43
12;2.5;2;26;38
12;2.5;2;26;39
12;2.5;2;26;39
12;2.5;2;26;40
12;2.5;2;26;40
12;2.5;2;26;40
12;2.5;2;26;40
12;2.5;2;26;40
12;2.5;2;26;40
12;2.5;2;26;40
12;2.5;2;26;40
12;2.5;2;26;40
12;2.5;2;26;40
12;2.5;2;26;40
12;2.5;2;26;40
12;2.5;2;26;41
12;2.5;2;26;41
12;2.5;2;26;41
12;2.5;2;26;41
12;2.5;2;26;41
12;2.5;2;26;42
12;2.5;2;26;43
12;2.5;2;26;43
12;2.5;2;26;44
12;2.5;2;27;39
12;2.5;2;27;40
12;2.5;2;27;40
12;2.5;2;27;40
12;2.5;2;27;40
12;2.5;2;27;40
12;2.5;2;27;40
12;2.5;2;27;40
12;2.5;2;27;40
12;2.5;2;27;40
12;2.5;2;27;40
12;2.5;2;27;40
12;2.5;2;27;40
12;2.5;2;27;40
12;2.5;2;27;40
12;2.5;2;27;41
12;2.5;2;27;41
12;2.5;2;27;41
12;2.5;2;27;41
12;2.5;2;27;42
12;2.5;2;27;42
12;2.5;2;27;42
12;2.5;2;27;42
12;2.5;2;27;42
12;2.5;3;28;36
12;2.5;3;28;36
12;2.5;3;28;36
12;2.5;3;28;36
12;2.5;3;28;36
12;2.5;3;28;37
12;2.5;3;28;37
12;2.5;3;28;37
12;2.5;3;28;37
12;2.5;3;28;38
12;2.5;3;28;38
12;2.5;3;29;36
12;2.5;3;29;36
12;2.5;3;29;36
12;2.5;3;29;36
12;2.5;3;29;37
12;2.5;3;29;37
12;2.5;3;29;37
12;2.5;3;29;37
12;2.5;3;29;37
12;2.5;3;29;37
12;2.5;3;29;37
12;2.5;3;29;37
12;2.5;3;29;37
12;2.5;3;29;37
12;2.5;3;29;38
12;2.5;3;29;38
12;2.5;3;29;38
12;2.5;3;30;36
12;2.5;3;30;36
12;2.5;3;30;36
12;2.5;3;30;36
12;2.5;3;30;36
12;2.5;3;30;37
12;2.5;3;30;37
12;2.5;3;30;37
12;2.5;3;30;37
12;2.5;3;30;37
12;2.5;3;30;37
12;2.5;3;30;37
12;2.5;3;30;37
12;2.5;3;30;37
12;2.5;3;30;37
12;2.5;3;30;37
12;2.5;3;30;37
12;2.5;3;30;37
12;2.5;3;30;38
12;2.5;3;31;36
12;2.5;3;31;37
12;2.5;3;31;37
12;2.5;3;31;37
12;2.5;3;31;37
12;2.5;3;31;37
12;2.5;3;31;38
12;2.5;3;31;38
12;2.5;3;31;40
12;2.5;3;32;36
12;2.5;3;32;37
12;2.5;3;32;37
12;2.5;3;32;37
12;2.5;3;32;37
12;2.5;3;32;37
12;2.5;3;32;37
12;2.5;3;32;37
12;2.5;3;32;37
12;2.5;3;32;37
12;2.5;3;32;37
12;2.5;3;32;37
12;2.5;3;32;37
12;2.5;3;32;38
12;2.5;3;33;36
12;2.5;3;33;37
12;2.5;3;33;37
12;2.5;3;33;37
12;2.5;3;33;37
12;2.5;3;33;37
12;2.5;3;33;37
12;2.5;3;33;37
12;2.5;3;33;37
12;2.5;3;33;37
12;2.5;3;33;38
12;2.5;3;33;38
12;2.5;3;33;38
12;2.5;3;33;38
12;2.5;3;33;38
12;2.5;3;33;38
12;2.5;3;34;36
12;2.5;3;34;37
12;2.5;3;34;37
12;2.5;3;34;37
12;2.5;3;34;37
12;2.5;3;34;37
12;2.5;3;34;37
12;2.5;3;34;37
12;2.5;3;34;37
12;2.5;3;34;37
12;2.5;3;34;37
12;2.5;3;34;37
12;2.5;3;34;37
12;2.5;3;34;37
12;2.5;3;34;37
12;2.5;3;34;38
12;2.5;3;35;36
12;2.5;3;35;37
12;2.5;3;35;37
12;2.5;3;35;37
12;2.5;3;35;37
12;2.5;3;35;37
12;2.5;3;35;37
12;2.5;3;35;37
12;2.5;3;35;37
12;2.5;3;35;37
12;2.5;3;35;37
12;2.5;3;35;37
12;2.5;3;35;37
12;2.5;3;35;38
12;2.5;3;35;38
12;2.5;3;36;36
12;2.5;3;36;36
12;2.5;3;36;36
12;2.5;3;36;37
12;2.5;3;36;37
12;2.5;3;36;37
12;2.5;3;36;37
12;2.5;3;36;37
12;2.5;3;36;37
12;2.5;3;36;37
12;2.5;3;36;37
12;2.5;3;36;37
12;2.5;3;36;37
12;2.5;3;36;37
12;2.5;3;36;37
12;2.5;3;36;37
12;2.5;3;36;38
12;2.5;3;36;38
12;2.5;3;36;38
12;2.5;3;36;38
12;2.5;3;36;38
12;2.5;3;36;40
12;5;1;46;39
12;5;1;46;39
12;5;1;46;39
12;5;1;46;39
12;5;1;46;39
12;5;1;46;39
12;5;1;46;39
12;5;1;46;39
12;5;1;46;39
12;5;1;46;39
12;5;1;46;39
12;5;1;46;39
12;5;1;46;39
12;5;1;46;39
12;5;1;46;39
12;5;1;46;40
12;5;1;46;40
12;5;1;46;40
12;5;1;46;40
12;5;1;46;40
12;5;1;46;40
12;5;1;46;40
12;5;1;46;40
12;5;1;46;41
12;5;1;46;41
12;5;1;47;38
12;5;1;47;39
12;5;1;47;39
12;5;1;47;39
12;5;1;47;39
12;5;1;47;39
12;5;1;47;39
12;5;1;47;39
12;5;1;47;39
12;5;1;47;39
12;5;1;47;39
12;5;1;47;39
12;5;1;47;39
12;5;1;47;39
12;5;1;47;39
12;5;1;47;39
12;5;1;47;39
12;5;1;47;39
12;5;1;47;39
12;5;1;47;39
12;5;1;47;39
12;5;1;47;40
12;5;1;47;40
12;5;1;47;40
12;5;1;48;39
12;5;1;48;39
12;5;1;48;39
12;5;1;48;39
12;5;1;48;39
12;5;1;48;39
12;5;1;48;39
12;5;1;48;39
12;5;1;48;39
12;5;1;48;39
12;5;1;48;39
12;5;1;48;39
12;5;1;48;39
12;5;1;48;39
12;5;1;48;39
12;5;1;48;39
12;5;1;48;39
12;5;1;48;39
12;5;1;48;39
12;5;1;48;39
12;5;1;48;39
12;5;1;48;39
12;5;1;48;39
12;5;1;48;40
12;5;1;48;46
12;5;1;49;36
12;5;1;49;39
12;5;1;49;39
12;5;1;49;39
12;5;1;49;39
12;5;1;49;39
12;5;1;49;39
12;5;1;49;39
12;5;1;49;39
12;5;1;49;39
12;5;1;49;39
12;5;1;49;39
12;5;1;49;39
12;5;1;49;39
12;5;1;49;39
12;5;1;49;39
12;5;1;49;39
12;5;1;49;39
12;5;1;49;40
12;5;1;49;40
12;5;1;49;40
12;5;1;49;41
12;5;1;50;39
12;5;1;50;39
12;5;1;50;39
12;5;1;50;39
12;5;1;50;39
12;5;1;50;39
12;5;1;50;39
12;5;1;50;39
12;5;1;50;39
12;5;1;50;39
12;5;1;50;39
12;5;1;50;40
12;5;1;50;40
12;5;1;50;40
12;5;1;50;40
12;5;1;50;40
12;5;1;50;40
12;5;1;50;40
12;5;1;50;40
12;5;1;50;41
12;5;1;50;41
12;5;1;50;41
12;5;1;50;41
12;5;1;50;42
12;5;1;51;38
12;5;1;51;39
12;5;1;51;39
12;5;1;51;39
12;5;1;51;39
12;5;1;51;39
12;5;1;51;39
12;5;1;51;39
12;5;1;51;39
12;5;1;51;39
12;5;1;51;39
12;5;1;51;39
12;5;1;51;39
12;5;1;51;39
12;5;1;51;39
12;5;1;51;39
12;5;1;51;39
12;5;1;51;39
12;5;1;51;40
12;5;1;51;40
12;5;1;51;40
12;5;1;51;40
12;5;1;51;40
12;5;1;51;40
12;5;1;52;38
12;5;1;52;39
12;5;1;52;39
12;5;1;52;39
12;5;1;52;39
12;5;1;52;39
12;5;1;52;39
12;5;1;52;40
12;5;1;52;40
12;5;1;52;40
12;5;1;52;40
12;5;1;52;40
12;5;1;52;40
12;5;1;52;40
12;5;1;52;40
12;5;1;52;40
12;5;1;52;40
12;5;1;52;40
12;5;1;52;40
12;5;1;52;40
12;5;1;52;40
12;5;1;52;40
12;5;1;52;42
12;5;1;52;42
12;5;1;52;43
12;5;1;53;36
12;5;1;53;37
12;5;1;53;37
12;5;1;53;39
12;5;1;53;39
12;5;1;53;39
12;5;1;53;39
12;5;1;53;39
12;5;1;53;39
12;5;1;53;39
12;5;1;53;39
12;5;1;53;39
12;5;1;53;39
12;5;1;53;39
12;5;1;53;39
12;5;1;53;39
12;5;1;53;39
12;5;1;53;39
12;5;1;53;39
12;5;1;53;40
12;5;1;53;40
12;5;1;53;40
12;5;1;53;40
12;5;1;53;42
12;5;1;53;42
12;5;1;54;39
12;5;1;54;39
12;5;1;54;39
12;5;1;54;39
12;5;1;54;39
12;5;1;54;39
12;5;1;54;39
12;5;1;54;39
12;5;1;54;39
12;5;1;54;39
12;5;1;54;39
12;5;1;54;39
12;5;1;54;39
12;5;1;54;40
12;5;1;54;40
12;5;1;54;40
12;5;1;54;40
12;5;1;54;40
12;5;1;54;40
12;5;1;54;40
12;5;1;54;40
12;5;1;54;40
12;5;1;54;48
12;5;1;54;48
12;5;2;55;38
12;5;2;55;39
12;5;2;55;39
12;5;2;55;39
12;5;2;55;39
12;5;2;55;39
12;5;2;55;39
12;5;2;55;39
12;5;2;55;39
12;5;2;55;39
12;5;2;55;39
12;5;2;55;39
12;5;2;55;39
12;5;2;55;39
12;5;2;55;40
12;5;2;55;40
12;5;2;55;40
12;5;2;55;40
12;5;2;55;40
12;5;2;55;40
12;5;2;55;40
12;5;2;55;41
12;5;2;55;43
12;5;2;55;43
12;5;2;55;46
12;5;2;56;38
12;5;2;56;38
12;5;2;56;39
12;5;2;56;39
12;5;2;56;39
12;5;2;56;39
12;5;2;56;39
12;5;2;56;39
12;5;2;56;39
12;5;2;56;39
12;5;2;56;39
12;5;2;56;39
12;5;2;56;39
12;5;2;56;39
12;5;2;56;39
12;5;2;56;39
12;5;2;56;39
12;5;2;56;39
12;5;2;56;40
12;5;2;56;40
12;5;2;56;40
12;5;2;56;40
12;5;2;56;40
12;5;2;56;40
12;5;2;56;43
12;5;2;57;37
12;5;2;57;38
12;5;2;57;39
12;5;2;57;39
12;5;2;57;39
12;5;2;57;39
12;5;2;57;39
12;5;2;57;39
12;5;2;57;39
12;5;2;57;39
12;5;2;57;39
12;5;2;57;39
12;5;2;57;39
12;5;2;57;39
12;5;2;57;39
12;5;2;57;40
12;5;2;57;40
12;5;2;57;40
12;5;2;57;40
12;5;2;57;40
12;5;2;57;40
12;5;2;57;40
12;5;2;57;40
12;5;2;57;42
12;5;2;57;43
12;5;2;58;39
12;5;2;58;39
12;5;2;58;39
12;5;2;58;39
12;5;2;58;39
12;5;2;58;39
12;5;2;58;39
12;5;2;58;40
12;5;2;58;40
12;5;2;58;40
12;5;2;58;40
12;5;2;58;40
12;5;2;58;40
12;5;2;58;40
12;5;2;58;40
12;5;2;58;40
12;5;2;58;40
12;5;2;58;40
12;5;2;58;40
12;5;2;58;41
12;5;2;58;41
12;5;2;58;42
12;5;2;58;43
12;5;2;58;43
12;5;2;59;37
12;5;2;59;38
12;5;2;59;38
12;5;2;59;38
12;5;2;59;38
12;5;2;59;38
12;5;2;59;38
12;5;2;59;38
12;5;2;59;38
12;5;2;59;38
12;5;2;59;38
12;5;2;59;38
12;5;2;59;38
12;5;2;59;38
12;5;2;59;38
12;5;2;59;38
12;5;2;59;39
12;5;2;59;39
12;5;2;59;39
12;5;2;59;39
12;5;2;59;39
12;5;2;59;39
12;5;2;59;39
12;5;2;59;41
12;5;2;59;42
12;5;2;60;38
12;5;2;60;38
12;5;2;60;38
12;5;2;60;38
12;5;2;60;38
12;5;2;60;38
12;5;2;60;38
12;5;2;60;39
12;5;2;60;39
12;5;2;60;39
12;5;2;60;39
12;5;2;60;39
12;5;2;60;39
12;5;2;60;39
12;5;2;60;39
12;5;2;60;39
12;5;2;60;40
12;5;2;60;40
12;5;2;60;40
12;5;2;60;40
12;5;2;60;42
12;5;2;60;42
12;5;2;60;42
12;5;2;60;46
12;5;2;61;37
12;5;2;61;38
12;5;2;61;38
12;5;2;61;38
12;5;2;61;38
12;5;2;61;39
12;5;2;61;39
12;5;2;61;39
12;5;2;61;39
12;5;2;61;39
12;5;2;61;39
12;5;2;61;39
12;5;2;61;39
12;5;2;61;39
12;5;2;61;39
12;5;2;61;40
12;5;2;61;40
12;5;2;61;40
12;5;2;61;40
12;5;2;61;40
12;5;2;61;40
12;5;2;61;40
12;5;2;61;40
12;5;2;61;43
12;5;2;61;46
12;5;2;62;37
12;5;2;62;39
12;5;2;62;39
12;5;2;62;39
12;5;2;62;39
12;5;2;62;39
12;5;2;62;39
12;5;2;62;39
12;5;2;62;39
12;5;2;62;40
12;5;2;62;40
12;5;2;62;40
12;5;2;62;40
12;5;2;62;40
12;5;2;62;40
12;5;2;62;40
12;5;2;62;40
12;5;2;62;40
12;5;2;62;40
12;5;2;62;40
12;5;2;62;41
12;5;2;62;41
12;5;2;62;41
12;5;2;62;41
12;5;2;62;41
12;5;2;63;38
12;5;2;63;39
12;5;2;63;39
12;5;2;63;39
12;5;2;63;39
12;5;2;63;39
12;5;2;63;39
12;5;2;63;39
12;5;2;63;39
12;5;2;63;39
12;5;2;63;39
12;5;2;63;39
12;5;2;63;39
12;5;2;63;39
12;5;2;63;39
12;5;2;63;40
12;5;2;63;40
12;5;2;63;40
12;5;2;63;40
12;5;2;63;40
12;5;2;63;40
12;5;2;63;40
12;5;2;63;40
12;5;2;63;40
12;5;2;63;43
12;5;3;64;32
12;5;3;64;37
12;5;3;64;37
12;5;3;64;37
12;5;3;64;37
12;5;3;64;38
12;5;3;64;38
12;5;3;64;38
12;5;3;64;38
12;5;3;64;38
12;5;3;64;38
12;5;3;64;38
12;5;3;64;38
12;5;3;64;38
12;5;3;64;38
12;5;3;64;38
12;5;3;64;38
12;5;3;64;38
12;5;3;64;38
12;5;3;64;38
12;5;3;64;39
12;5;3;64;39
12;5;3;64;39
12;5;3;64;39
12;5;3;64;40
12;5;3;65;37
12;5;3;65;37
12;5;3;65;37
12;5;3;65;37
12;5;3;65;37
12;5;3;65;38
12;5;3;65;38
12;5;3;65;38
12;5;3;65;38
12;5;3;65;38
12;5;3;65;38
12;5;3;65;38
12;5;3;65;38
12;5;3;65;38
12;5;3;65;38
12;5;3;65;38
12;5;3;65;38
12;5;3;65;38
12;5;3;65;38
12;5;3;65;38
12;5;3;65;38
12;5;3;65;38
12;5;3;65;39
12;5;3;65;39
12;5;3;65;39
12;5;3;66;37
12;5;3;66;38
12;5;3;66;38
12;5;3;66;38
12;5;3;66;38
12;5;3;66;38
12;5;3;66;38
12;5;3;66;38
12;5;3;66;38
12;5;3;66;38
12;5;3;66;38
12;5;3;66;38
12;5;3;66;38
12;5;3;66;38
12;5;3;66;38
12;5;3;66;38
12;5;3;66;39
12;5;3;66;39
12;5;3;66;39
12;5;3;66;39
12;5;3;66;39
12;5;3;66;39
12;5;3;66;39
12;5;3;66;39
12;5;3;66;39
12;5;3;67;37
12;5;3;67;37
12;5;3;67;37
12;5;3;67;38
12;5;3;67;38
12;5;3;67;38
12;5;3;67;38
12;5;3;67;38
12;5;3;67;38
12;5;3;67;38
12;5;3;67;38
12;5;3;67;38
12;5;3;67;38
12;5;3;67;38
12;5;3;67;38
12;5;3;67;38
12;5;3;67;38
12;5;3;67;38
12;5;3;67;38
12;5;3;67;39
12;5;3;67;39
12;5;3;67;39
12;5;3;67;39
12;5;3;67;39
12;5;3;68;35
12;5;3;68;36
12;5;3;68;36
12;5;3;68;36
12;5;3;68;37
12;5;3;68;37
12;5;3;68;37
12;5;3;68;37
12;5;3;68;37
12;5;3;68;37
12;5;3;68;37
12;5;3;68;37
12;5;3;68;38
12;5;3;68;38
12;5;3;68;38
12;5;3;68;38
12;5;3;68;38
12;5;3;68;38
12;5;3;68;38
12;5;3;68;38
12;5;3;68;38
12;5;3;68;39
12;5;3;68;39
12;5;3;68;39
12;5;3;68;39
12;5;3;69;37
12;5;3;69;37
12;5;3;69;38
12;5;3;69;38
12;5;3;69;38
12;5;3;69;38
12;5;3;69;38
12;5;3;69;38
12;5;3;69;38
12;5;3;69;38
12;5;3;69;38
12;5;3;69;38
12;5;3;69;38
12;5;3;69;38
12;5;3;69;38
12;5;3;69;38
12;5;3;69;38
12;5;3;69;39
12;5;3;69;39
12;5;3;69;39
12;5;3;69;39
12;5;3;69;39
12;5;3;69;39
12;5;3;70;36
12;5;3;70;37
12;5;3;70;37
12;5;3;70;37
12;5;3;70;37
12;5;3;70;38
12;5;3;70;38
12;5;3;70;38
12;5;3;70;38
12;5;3;70;38
12;5;3;70;38
12;5;3;70;38
12;5;3;70;38
12;5;3;70;38
12;5;3;70;38
12;5;3;70;38
12;5;3;70;38
12;5;3;70;38
12;5;3;70;38
12;5;3;70;39
12;5;3;70;39
12;5;3;70;39
12;5;3;70;39
12;5;3;70;40
12;5;3;71;37
12;5;3;71;37
12;5;3;71;37
12;5;3;71;37
12;5;3;71;37
12;5;3;71;37
12;5;3;71;38
12;5;3;71;38
12;5;3;71;38
12;5;3;71;38
12;5;3;71;38
12;5;3;71;38
12;5;3;71;38
12;5;3;71;38
12;5;3;71;38
12;5;3;71;38
12;5;3;71;38
12;5;3;71;38
12;5;3;71;38
12;5;3;71;38
12;5;3;71;38
12;5;3;71;38
12;5;3;71;38
12;5;3;71;38
12;5;3;71;40
12;5;3;72;37
12;5;3;72;38
12;5;3;72;38
12;5;3;72;38
12;5;3;72;38
12;5;3;72;38
12;5;3;72;38
12;5;3;72;39
12;5;3;72;39
12;5;3;72;39
12;5;3;72;39
12;5;3;72;39
12;5;3;72;39
12;5;3;72;39
12;5;3;72;39
12;5;3;72;39
12;5;3;72;39
12;5;3;72;39
12;5;3;72;39
12;5;3;72;39
12;5;3;72;39
12;5;3;72;39
12;5;3;72;39
12;5;3;72;39
12;5;3;72;39
12;11;1;82;37
12;11;1;82;38
12;11;1;82;38
12;11;1;82;38
12;11;1;82;38
12;11;1;82;38
12;11;1;82;38
12;11;1;82;38
12;11;1;82;38
12;11;1;82;38
12;11;1;82;38
12;11;1;82;38
12;11;1;82;38
12;11;1;82;38
12;11;1;82;38
12;11;1;82;38
12;11;1;82;38
12;11;1;82;38
12;11;1;82;38
12;11;1;82;38
12;11;1;82;39
12;11;1;82;39
12;11;1;82;39
12;11;1;82;39
12;11;1;83;38
12;11;1;83;38
12;11;1;83;38
12;11;1;83;38
12;11;1;83;38
12;11;1;83;38
12;11;1;83;38
12;11;1;83;38
12;11;1;83;38
12;11;1;83;38
12;11;1;83;38
12;11;1;83;38
12;11;1;83;38
12;11;1;83;38
12;11;1;83;38
12;11;1;83;38
12;11;1;83;38
12;11;1;83;38
12;11;1;83;38
12;11;1;83;39
12;11;1;83;39
12;11;1;83;39
12;11;1;83;39
12;11;1;83;39
12;11;1;83;43
12;11;1;84;38
12;11;1;84;39
12;11;1;84;39
12;11;1;84;39
12;11;1;84;39
12;11;1;84;39
12;11;1;84;39
12;11;1;84;39
12;11;1;84;39
12;11;1;84;39
12;11;1;84;39
12;11;1;84;39
12;11;1;84;39
12;11;1;84;39
12;11;1;84;39
12;11;1;84;39
12;11;1;84;39
12;11;1;84;39
12;11;1;84;39
12;11;1;84;39
12;11;1;84;39
12;11;1;84;39
12;11;1;84;42
12;11;1;84;46
12;11;1;85;38
12;11;1;85;38
12;11;1;85;39
12;11;1;85;39
12;11;1;85;39
12;11;1;85;39
12;11;1;85;39
12;11;1;85;39
12;11;1;85;39
12;11;1;85;39
12;11;1;85;39
12;11;1;85;39
12;11;1;85;39
12;11;1;85;39
12;11;1;85;39
12;11;1;85;39
12;11;1;85;39
12;11;1;85;39
12;11;1;85;39
12;11;1;85;39
12;11;1;85;39
12;11;1;85;39
12;11;1;85;40
12;11;1;85;40
12;11;1;86;38
12;11;1;86;38
12;11;1;86;39
12;11;1;86;39
12;11;1;86;39
12;11;1;86;39
12;11;1;86;39
12;11;1;86;39
12;11;1;86;39
12;11;1;86;39
12;11;1;86;39
12;11;1;86;39
12;11;1;86;39
12;11;1;86;39
12;11;1;86;39
12;11;1;86;39
12;11;1;86;39
12;11;1;86;39
12;11;1;86;39
12;11;1;86;39
12;11;1;86;39
12;11;1;86;39
12;11;1;86;39
12;11;1;86;46
12;11;1;86;46
12;11;1;87;37
12;11;1;87;38
12;11;1;87;38
12;11;1;87;38
12;11;1;87;38
12;11;1;87;38
12;11;1;87;38
12;11;1;87;38
12;11;1;87;38
12;11;1;87;38
12;11;1;87;38
12;11;1;87;38
12;11;1;87;38
12;11;1;87;39
12;11;1;87;39
12;11;1;87;39
12;11;1;87;39
12;11;1;87;39
12;11;1;87;39
12;11;1;87;39
12;11;1;87;39
12;11;1;87;39
12;11;1;87;41
12;11;1;87;41
12;11;1;88;38
12;11;1;88;38
12;11;1;88;39
12;11;1;88;39
12;11;1;88;39
12;11;1;88;39
12;11;1;88;39
12;11;1;88;39
12;11;1;88;39
12;11;1;88;39
12;11;1;88;39
12;11;1;88;39
12;11;1;88;39
12;11;1;88;39
12;11;1;88;39
12;11;1;88;39
12;11;1;88;39
12;11;1;88;39
12;11;1;88;39
12;11;1;88;39
12;11;1;88;39
12;11;1;88;39
12;11;1;88;40
12;11;1;88;40
12;11;1;89;38
12;11;1;89;38
12;11;1;89;38
12;11;1;89;38
12;11;1;89;39
12;11;1;89;39
12;11;1;89;39
12;11;1;89;39
12;11;1;89;39
12;11;1;89;39
12;11;1;89;39
12;11;1;89;39
12;11;1;89;39
12;11;1;89;39
12;11;1;89;39
12;11;1;89;39
12;11;1;89;39
12;11;1;89;39
12;11;1;89;39
12;11;1;89;39
12;11;1;89;39
12;11;1;89;39
12;11;1;89;39
12;11;1;89;39
12;11;1;89;39
12;11;1;90;37
12;11;1;90;38
12;11;1;90;38
12;11;1;90;38
12;11;1;90;38
12;11;1;90;39
12;11;1;90;39
12;11;1;90;39
12;11;1;90;39
12;11;1;90;39
12;11;1;90;39
12;11;1;90;39
12;11;1;90;39
12;11;1;90;39
12;11;1;90;39
12;11;1;90;39
12;11;1;90;39
12;11;1;90;39
12;11;1;90;39
12;11;1;90;39
12;11;1;90;39
12;11;1;90;39
12;11;1;90;40
12;11;1;90;42
12;11;2;91;38
12;11;2;91;38
12;11;2;91;38
12;11;2;91;38
12;11;2;91;38
12;11;2;91;38
12;11;2;91;39
12;11;2;91;39
12;11;2;91;39
12;11;2;91;39
12;11;2;91;39
12;11;2;91;39
12;11;2;91;39
12;11;2;91;39
12;11;2;91;39
12;11;2;91;39
12;11;2;91;39
12;11;2;91;39
12;11;2;91;39
12;11;2;91;39
12;11;2;91;40
12;11;2;91;40
12;11;2;91;40
12;11;2;91;40
12;11;2;92;38
12;11;2;92;38
12;11;2;92;38
12;11;2;92;38
12;11;2;92;38
12;11;2;92;39
12;11;2;92;39
12;11;2;92;39
12;11;2;92;39
12;11;2;92;39
12;11;2;92;39
12;11;2;92;39
12;11;2;92;39
12;11;2;92;39
12;11;2;92;39
12;11;2;92;39
12;11;2;92;39
12;11;2;92;39
12;11;2;92;39
12;11;2;92;39
12;11;2;92;39
12;11;2;92;39
12;11;2;92;39
12;11;2;92;39
12;11;2;92;41
12;11;2;93;37
12;11;2;93;38
12;11;2;93;38
12;11;2;93;38
12;11;2;93;38
12;11;2;93;38
12;11;2;93;38
12;11;2;93;39
12;11;2;93;39
12;11;2;93;39
12;11;2;93;39
12;11;2;93;39
12;11;2;93;39
12;11;2;93;39
12;11;2;93;39
12;11;2;93;39
12;11;2;93;39
12;11;2;93;39
12;11;2;93;39
12;11;2;93;39
12;11;2;93;39
12;11;2;93;39
12;11;2;93;39
12;11;2;93;39
12;11;2;94;37
12;11;2;94;38
12;11;2;94;38
12;11;2;94;38
12;11;2;94;38
12;11;2;94;38
12;11;2;94;38
12;11;2;94;38
12;11;2;94;38
12;11;2;94;38
12;11;2;94;38
12;11;2;94;38
12;11;2;94;38
12;11;2;94;38
12;11;2;94;38
12;11;2;94;38
12;11;2;94;38
12;11;2;94;38
12;11;2;94;38
12;11;2;94;38
12;11;2;94;38
12;11;2;94;38
12;11;2;94;38
12;11;2;94;42
12;11;2;94;42
12;11;2;95;37
12;11;2;95;37
12;11;2;95;37
12;11;2;95;37
12;11;2;95;37
12;11;2;95;37
12;11;2;95;37
12;11;2;95;37
12;11;2;95;37
12;11;2;95;37
12;11;2;95;37
12;11;2;95;37
12;11;2;95;37
12;11;2;95;37
12;11;2;95;37
12;11;2;95;37
12;11;2;95;37
12;11;2;95;37
12;11;2;95;37
12;11;2;95;37
12;11;2;95;37
12;11;2;95;38
12;11;2;95;38
12;11;2;95;39
12;11;2;95;39
12;11;2;96;38
12;11;2;96;38
12;11;2;96;38
12;11;2;96;38
12;11;2;96;38
12;11;2;96;38
12;11;2;96;38
12;11;2;96;38
12;11;2;96;38
12;11;2;96;38
12;11;2;96;38
12;11;2;96;38
12;11;2;96;38
12;11;2;96;38
12;11;2;96;38
12;11;2;96;38
12;11;2;96;38
12;11;2;96;38
12;11;2;96;38
12;11;2;96;38
12;11;2;96;38
12;11;2;96;38
12;11;2;96;39
12;11;2;96;39
12;11;2;97;38
12;11;2;97;38
12;11;2;97;38
12;11;2;97;38
12;11;2;97;38
12;11;2;97;38
12;11;2;97;38
12;11;2;97;38
12;11;2;97;38
12;11;2;97;38
12;11;2;97;38
12;11;2;97;38
12;11;2;97;38
12;11;2;97;38
12;11;2;97;39
12;11;2;97;39
12;11;2;97;39
12;11;2;97;39
12;11;2;97;39
12;11;2;97;39
12;11;2;97;39
12;11;2;97;39
12;11;2;97;39
12;11;2;98;38
12;11;2;98;38
12;11;2;98;38
12;11;2;98;38
12;11;2;98;38
12;11;2;98;38
12;11;2;98;38
12;11;2;98;38
12;11;2;98;38
12;11;2;98;38
12;11;2;98;38
12;11;2;98;38
12;11;2;98;38
12;11;2;98;38
12;11;2;98;38
12;11;2;98;38
12;11;2;98;39
12;11;2;98;39
12;11;2;98;39
12;11;2;98;39
12;11;2;98;39
12;11;2;98;39
12;11;2;98;39
12;11;2;98;39
12;11;2;98;48
12;11;2;99;37
12;11;2;99;38
12;11;2;99;38
12;11;2;99;38
12;11;2;99;38
12;11;2;99;38
12;11;2;99;38
12;11;2;99;38
12;11;2;99;38
12;11;2;99;38
12;11;2;99;38
12;11;2;99;38
12;11;2;99;38
12;11;2;99;38
12;11;2;99;38
12;11;2;99;39
12;11;2;99;39
12;11;2;99;39
12;11;2;99;39
12;11;2;99;39
12;11;2;99;39
12;11;2;99;39
12;11;2;99;40
12;11;3;100;39
12;11;3;100;39
12;11;3;100;39
12;11;3;100;39
12;11;3;100;39
12;11;3;100;39
12;11;3;100;39
12;11;3;100;39
12;11;3;100;39
12;11;3;100;39
12;11;3;100;39
12;11;3;100;39
12;11;3;100;39
12;11;3;100;39
12;11;3;100;39
12;11;3;100;39
12;11;3;100;39
12;11;3;100;39
12;11;3;100;39
12;11;3;100;39
12;11;3;100;40
12;11;3;100;40
12;11;3;100;40
12;11;3;100;40
12;11;3;100;41
12;11;3;101;37
12;11;3;101;38
12;11;3;101;39
12;11;3;101;39
12;11;3;101;39
12;11;3;101;39
12;11;3;101;39
12;11;3;101;39
12;11;3;101;39
12;11;3;101;39
12;11;3;101;39
12;11;3;101;39
12;11;3;101;39
12;11;3;101;39
12;11;3;101;39
12;11;3;101;39
12;11;3;101;40
12;11;3;101;40
12;11;3;101;40
12;11;3;101;40
12;11;3;101;40
12;11;3;101;40
12;11;3;101;40
12;11;3;102;35
12;11;3;102;39
12;11;3;102;39
12;11;3;102;39
12;11;3;102;39
12;11;3;102;39
12;11;3;102;39
12;11;3;102;39
12;11;3;102;39
12;11;3;102;39
12;11;3;102;39
12;11;3;102;39
12;11;3;102;39
12;11;3;102;39
12;11;3;102;39
12;11;3;102;39
12;11;3;102;40
12;11;3;102;40
12;11;3;102;40
12;11;3;102;40
12;11;3;102;40
12;11;3;102;40
12;11;3;102;40
12;11;3;102;40
12;11;3;103;39
12;11;3;103;39
12;11;3;103;39
12;11;3;103;39
12;11;3;103;39
12;11;3;103;39
12;11;3;103;39
12;11;3;103;40
12;11;3;103;40
12;11;3;103;40
12;11;3;103;40
12;11;3;103;40
12;11;3;103;40
12;11;3;103;40
12;11;3;103;40
12;11;3;103;40
12;11;3;103;40
12;11;3;103;40
12;11;3;103;40
12;11;3;103;40
12;11;3;103;40
12;11;3;103;40
12;11;3;103;40
12;11;3;103;41
12;11;3;103;41
12;11;3;104;37
12;11;3;104;39
12;11;3;104;39
12;11;3;104;39
12;11;3;104;39
12;11;3;104;39
12;11;3;104;39
12;11;3;104;39
12;11;3;104;39
12;11;3;104;39
12;11;3;104;39
12;11;3;104;39
12;11;3;104;39
12;11;3;104;39
12;11;3;104;39
12;11;3;104;39
12;11;3;104;39
12;11;3;104;39
12;11;3;104;39
12;11;3;104;39
12;11;3;104;39
12;11;3;104;40
12;11;3;104;40
12;11;3;104;40
12;11;3;104;41
12;11;3;105;37
12;11;3;105;39
12;11;3;105;39
12;11;3;105;39
12;11;3;105;39
12;11;3;105;39
12;11;3;105;39
12;11;3;105;39
12;11;3;105;39
12;11;3;105;39
12;11;3;105;39
12;11;3;105;39
12;11;3;105;39
12;11;3;105;39
12;11;3;105;39
12;11;3;105;40
12;11;3;105;40
12;11;3;105;40
12;11;3;105;40
12;11;3;105;40
12;11;3;105;40
12;11;3;105;40
12;11;3;105;40
12;11;3;105;40
12;11;3;105;40
12;11;3;106;38
12;11;3;106;39
12;11;3;106;39
12;11;3;106;39
12;11;3;106;39
12;11;3;106;39
12;11;3;106;39
12;11;3;106;39
12;11;3;106;39
12;11;3;106;39
12;11;3;106;39
12;11;3;106;39
12;11;3;106;39
12;11;3;106;39
12;11;3;106;39
12;11;3;106;39
12;11;3;106;39
12;11;3;106;39
12;11;3;106;39
12;11;3;106;39
12;11;3;106;39
12;11;3;106;39
12;11;3;106;40
12;11;3;106;40
12;11;3;107;37
12;11;3;107;38
12;11;3;107;38
12;11;3;107;39
12;11;3;107;39
12;11;3;107;39
12;11;3;107;39
12;11;3;107;39
12;11;3;107;39
12;11;3;107;39
12;11;3;107;39
12;11;3;107;39
12;11;3;107;39
12;11;3;107;39
12;11;3;107;39
12;11;3;107;39
12;11;3;107;40
12;11;3;107;40
12;11;3;107;40
12;11;3;107;40
12;11;3;107;40
12;11;3;107;40
12;11;3;107;40
12;11;3;107;41
12;11;3;108;36
12;11;3;108;39
12;11;3;108;39
12;11;3;108;39
12;11;3;108;39
12;11;3;108;39
12;11;3;108;39
12;11;3;108;39
12;11;3;108;39
12;11;3;108;39
12;11;3;108;39
12;11;3;108;39
12;11;3;108;39
12;11;3;108;40
12;11;3;108;40
12;11;3;108;40
12;11;3;108;40
12;11;3;108;40
12;11;3;108;40
12;11;3;108;40
12;11;3;108;40
12;11;3;108;40
12;11;3;108;40
14.5;2.5;1;118;39
14.5;2.5;1;118;39
14.5;2.5;1;118;39
14.5;2.5;1;118;39
14.5;2.5;1;118;39
14.5;2.5;1;118;39
14.5;2.5;1;118;40
14.5;2.5;1;118;40
14.5;2.5;1;118;40
14.5;2.5;1;118;40
14.5;2.5;1;118;40
14.5;2.5;1;118;40
14.5;2.5;1;118;40
14.5;2.5;1;118;40
14.5;2.5;1;118;40
14.5;2.5;1;118;40
14.5;2.5;1;118;40
14.5;2.5;1;118;40
14.5;2.5;1;118;40
14.5;2.5;1;118;41
14.5;2.5;1;118;41
14.5;2.5;1;118;41
14.5;2.5;1;118;43
14.5;2.5;1;118;46
14.5;2.5;1;119;39
14.5;2.5;1;119;39
14.5;2.5;1;119;39
14.5;2.5;1;119;40
14.5;2.5;1;119;40
14.5;2.5;1;119;40
14.5;2.5;1;119;40
14.5;2.5;1;119;40
14.5;2.5;1;119;40
14.5;2.5;1;119;40
14.5;2.5;1;119;40
14.5;2.5;1;119;40
14.5;2.5;1;119;40
14.5;2.5;1;119;40
14.5;2.5;1;119;40
14.5;2.5;1;119;40
14.5;2.5;1;119;40
14.5;2.5;1;119;41
14.5;2.5;1;119;41
14.5;2.5;1;119;41
14.5;2.5;1;119;41
14.5;2.5;1;119;41
14.5;2.5;1;119;42
14.5;2.5;1;119;42
14.5;2.5;1;120;37
14.5;2.5;1;120;39
14.5;2.5;1;120;39
14.5;2.5;1;120;40
14.5;2.5;1;120;40
14.5;2.5;1;120;40
14.5;2.5;1;120;40
14.5;2.5;1;120;40
14.5;2.5;1;120;40
14.5;2.5;1;120;40
14.5;2.5;1;120;40
14.5;2.5;1;120;40
14.5;2.5;1;120;41
14.5;2.5;1;120;41
14.5;2.5;1;120;41
14.5;2.5;1;120;41
14.5;2.5;1;120;41
14.5;2.5;1;120;41
14.5;2.5;1;120;41
14.5;2.5;1;120;42
14.5;2.5;1;120;46
14.5;2.5;1;121;38
14.5;2.5;1;121;39
14.5;2.5;1;121;39
14.5;2.5;1;121;39
14.5;2.5;1;121;39
14.5;2.5;1;121;40
14.5;2.5;1;121;40
14.5;2.5;1;121;40
14.5;2.5;1;121;40
14.5;2.5;1;121;40
14.5;2.5;1;121;40
14.5;2.5;1;121;40
14.5;2.5;1;121;40
14.5;2.5;1;121;40
14.5;2.5;1;121;40
14.5;2.5;1;121;40
14.5;2.5;1;121;40
14.5;2.5;1;121;40
14.5;2.5;1;121;40
14.5;2.5;1;121;41
14.5;2.5;1;121;41
14.5;2.5;1;121;41
14.5;2.5;1;121;41
14.5;2.5;1;121;44
14.5;2.5;1;121;44
14.5;2.5;1;122;37
14.5;2.5;1;122;39
14.5;2.5;1;122;39
14.5;2.5;1;122;39
14.5;2.5;1;122;39
14.5;2.5;1;122;39
14.5;2.5;1;122;39
14.5;2.5;1;122;39
14.5;2.5;1;122;40
14.5;2.5;1;122;40
14.5;2.5;1;122;40
14.5;2.5;1;122;40
14.5;2.5;1;122;40
14.5;2.5;1;122;40
14.5;2.5;1;122;40
14.5;2.5;1;122;40
14.5;2.5;1;122;40
14.5;2.5;1;122;40
14.5;2.5;1;122;40
14.5;2.5;1;122;40
14.5;2.5;1;122;40
14.5;2.5;1;122;40
14.5;2.5;1;122;40
14.5;2.5;1;122;41
14.5;2.5;1;122;41
14.5;2.5;1;123;34
14.5;2.5;1;123;38
14.5;2.5;1;123;38
14.5;2.5;1;123;39
14.5;2.5;1;123;39
14.5;2.5;1;123;40
14.5;2.5;1;123;40
14.5;2.5;1;123;40
14.5;2.5;1;123;40
14.5;2.5;1;123;40
14.5;2.5;1;123;40
14.5;2.5;1;123;40
14.5;2.5;1;123;40
14.5;2.5;1;123;40
14.5;2.5;1;123;40
14.5;2.5;1;123;40
14.5;2.5;1;123;40
14.5;2.5;1;123;41
14.5;2.5;1;123;41
14.5;2.5;1;123;41
14.5;2.5;1;123;41
14.5;2.5;1;123;41
14.5;2.5;1;123;42
14.5;2.5;1;123;48
14.5;2.5;1;124;36
14.5;2.5;1;124;37
14.5;2.5;1;124;38
14.5;2.5;1;124;40
14.5;2.5;1;124;40
14.5;2.5;1;124;40
14.5;2.5;1;124;40
14.5;2.5;1;124;40
14.5;2.5;1;124;40
14.5;2.5;1;124;40
14.5;2.5;1;124;40
14.5;2.5;1;124;40
14.5;2.5;1;124;40
14.5;2.5;1;124;40
14.5;2.5;1;124;40
14.5;2.5;1;124;40
14.5;2.5;1;124;40
14.5;2.5;1;124;40
14.5;2.5;1;124;41
14.5;2.5;1;124;41
14.5;2.5;1;124;41
14.5;2.5;1;124;41
14.5;2.5;1;124;41
14.5;2.5;1;124;42
14.5;2.5;1;125;38
14.5;2.5;1;125;39
14.5;2.5;1;125;39
14.5;2.5;1;125;39
14.5;2.5;1;125;39
14.5;2.5;1;125;39
14.5;2.5;1;125;39
14.5;2.5;1;125;39
14.5;2.5;1;125;40
14.5;2.5;1;125;40
14.5;2.5;1;125;40
14.5;2.5;1;125;40
14.5;2.5;1;125;40
14.5;2.5;1;125;40
14.5;2.5;1;125;40
14.5;2.5;1;125;40
14.5;2.5;1;125;40
14.5;2.5;1;125;40
14.5;2.5;1;125;40
14.5;2.5;1;125;40
14.5;2.5;1;125;40
14.5;2.5;1;125;40
14.5;2.5;1;125;41
14.5;2.5;1;125;41
14.5;2.5;1;125;42
14.5;2.5;1;126;38
14.5;2.5;1;126;38
14.5;2.5;1;126;38
14.5;2.5;1;126;39
14.5;2.5;1;126;39
14.5;2.5;1;126;39
14.5;2.5;1;126;39
14.5;2.5;1;126;40
14.5;2.5;1;126;40
14.5;2.5;1;126;40
14.5;2.5;1;126;40
14.5;2.5;1;126;40
14.5;2.5;1;126;40
14.5;2.5;1;126;40
14.5;2.5;1;126;40
14.5;2.5;1;126;40
14.5;2.5;1;126;40
14.5;2.5;1;126;40
14.5;2.5;1;126;40
14.5;2.5;1;126;40
14.5;2.5;1;126;40
14.5;2.5;1;126;41
14.5;2.5;1;126;41
14.5;2.5;1;126;41
14.5;2.5;1;126;42
14.5;2.5;2;127;35
14.5;2.5;2;127;35
14.5;2.5;2;127;35
14.5;2.5;2;127;35
14.5;2.5;2;127;35
14.5;2.5;2;127;35
14.5;2.5;2;127;36
14.5;2.5;2;127;37
14.5;2.5;2;127;38
14.5;2.5;2;127;39
14.5;2.5;2;127;39
14.5;2.5;2;127;40
14.5;2.5;2;128;35
14.5;2.5;2;128;35
14.5;2.5;2;128;36
14.5;2.5;2;128;36
14.5;2.5;2;128;36
14.5;2.5;2;128;37
14.5;2.5;2;128;37
14.5;2.5;2;128;37
14.5;2.5;2;128;38
14.5;2.5;2;128;38
14.5;2.5;2;128;38
14.5;2.5;2;128;38
14.5;2.5;2;128;38
14.5;2.5;2;128;38
14.5;2.5;2;128;38
14.5;2.5;2;128;39
14.5;2.5;2;128;40
14.5;2.5;2;128;41
14.5;2.5;2;128;43
14.5;2.5;2;128;43
14.5;2.5;2;128;43
14.5;2.5;2;129;34
14.5;2.5;2;129;37
14.5;2.5;2;129;37
14.5;2.5;2;129;38
14.5;2.5;2;129;38
14.5;2.5;2;129;38
14.5;2.5;2;129;38
14.5;2.5;2;129;39
14.5;2.5;2;129;39
14.5;2.5;2;129;39
14.5;2.5;2;129;39
14.5;2.5;2;129;39
14.5;2.5;2;129;39
14.5;2.5;2;129;40
14.5;2.5;2;129;40
14.5;2.5;2;129;40
14.5;2.5;2;129;41
14.5;2.5;2;129;41
14.5;2.5;2;129;42
14.5;2.5;2;129;42
14.5;2.5;2;129;42
14.5;2.5;2;129;43
14.5;2.5;2;129;43
14.5;2.5;2;130;35
14.5;2.5;2;130;36
14.5;2.5;2;130;36
14.5;2.5;2;130;36
14.5;2.5;2;130;37
14.5;2.5;2;130;37
14.5;2.5;2;130;39
14.5;2.5;2;130;39
14.5;2.5;2;130;39
14.5;2.5;2;130;39
14.5;2.5;2;130;39
14.5;2.5;2;130;39
14.5;2.5;2;130;40
14.5;2.5;2;130;40
14.5;2.5;2;130;40
14.5;2.5;2;130;40
14.5;2.5;2;130;40
14.5;2.5;2;130;41
14.5;2.5;2;130;42
14.5;2.5;2;130;43
14.5;2.5;2;130;46
14.5;2.5;2;131;35
14.5;2.5;2;131;35
14.5;2.5;2;131;35
14.5;2.5;2;131;35
14.5;2.5;2;131;35
14.5;2.5;2;131;36
14.5;2.5;2;131;36
14.5;2.5;2;131;36
14.5;2.5;2;131;37
14.5;2.5;2;131;39
14.5;2.5;2;131;39
14.5;2.5;2;131;40
14.5;2.5;2;131;40
14.5;2.5;2;131;40
14.5;2.5;2;131;41
14.5;2.5;2;131;43
14.5;2.5;2;131;43
14.5;2.5;2;131;43
14.5;2.5;2;132;35
14.5;2.5;2;132;36
14.5;2.5;2;132;37
14.5;2.5;2;132;37
14.5;2.5;2;132;37
14.5;2.5;2;132;37
14.5;2.5;2;132;37
14.5;2.5;2;132;38
14.5;2.5;2;132;39
14.5;2.5;2;132;39
14.5;2.5;2;132;39
14.5;2.5;2;132;40
14.5;2.5;2;132;40
14.5;2.5;2;132;40
14.5;2.5;2;132;40
14.5;2.5;2;132;40
14.5;2.5;2;132;40
14.5;2.5;2;132;40
14.5;2.5;2;132;40
14.5;2.5;2;132;40
14.5;2.5;2;132;41
14.5;2.5;2;132;42
14.5;2.5;2;132;42
14.5;2.5;2;132;43
14.5;2.5;2;133;34
14.5;2.5;2;133;35
14.5;2.5;2;133;36
14.5;2.5;2;133;37
14.5;2.5;2;133;38
14.5;2.5;2;133;38
14.5;2.5;2;133;38
14.5;2.5;2;133;38
14.5;2.5;2;133;38
14.5;2.5;2;133;39
14.5;2.5;2;133;39
14.5;2.5;2;133;39
14.5;2.5;2;133;39
14.5;2.5;2;133;39
14.5;2.5;2;133;39
14.5;2.5;2;133;39
14.5;2.5;2;133;39
14.5;2.5;2;133;40
14.5;2.5;2;133;40
14.5;2.5;2;133;40
14.5;2.5;2;133;43
14.5;2.5;2;133;44
14.5;2.5;2;133;44
14.5;2.5;2;133;44
14.5;2.5;2;134;35
14.5;2.5;2;134;36
14.5;2.5;2;134;36
14.5;2.5;2;134;36
14.5;2.5;2;134;36
14.5;2.5;2;134;37
14.5;2.5;2;134;37
14.5;2.5;2;134;39
14.5;2.5;2;134;39
14.5;2.5;2;134;40
14.5;2.5;2;134;40
14.5;2.5;2;134;40
14.5;2.5;2;134;40
14.5;2.5;2;134;40
14.5;2.5;2;134;40
14.5;2.5;2;134;40
14.5;2.5;2;134;40
14.5;2.5;2;134;41
14.5;2.5;2;134;41
14.5;2.5;2;134;41
14.5;2.5;2;134;42
14.5;2.5;2;134;43
14.5;2.5;2;134;43
14.5;2.5;2;135;35
14.5;2.5;2;135;37
14.5;2.5;2;135;37
14.5;2.5;2;135;37
14.5;2.5;2;135;39
14.5;2.5;2;135;39
14.5;2.5;2;135;39
14.5;2.5;2;135;39
14.5;2.5;2;135;39
14.5;2.5;2;135;40
14.5;2.5;2;135;40
14.5;2.5;2;135;40
14.5;2.5;2;135;40
14.5;2.5;2;135;40
14.5;2.5;2;135;40
14.5;2.5;2;135;41
14.5;2.5;2;135;42
14.5;2.5;2;135;42
14.5;2.5;2;135;42
14.5;2.5;2;135;44
14.5;2.5;2;135;46
14.5;2.5;3;136;36
14.5;2.5;3;136;36
14.5;2.5;3;137;37
14.5;2.5;3;138;37
14.5;2.5;3;138;37
14.5;2.5;3;138;37
14.5;2.5;3;138;37
14.5;2.5;3;138;38
14.5;2.5;3;139;36
14.5;2.5;3;139;36
14.5;2.5;3;139;37
14.5;2.5;3;139;37
14.5;2.5;3;140;36
14.5;2.5;3;140;37
14.5;2.5;3;140;37
14.5;2.5;3;140;37
14.5;2.5;3;140;37
14.5;2.5;3;141;36
14.5;2.5;3;141;36
14.5;2.5;3;141;36
14.5;2.5;3;141;36
14.5;2.5;3;141;37
14.5;2.5;3;141;37
14.5;2.5;3;141;37
14.5;2.5;3;142;36
14.5;2.5;3;142;36
14.5;2.5;3;143;36
14.5;2.5;3;143;37
14.5;2.5;3;143;37
14.5;2.5;3;143;38
14.5;2.5;3;144;36
14.5;2.5;3;144;37
14.5;5;1;154;38
14.5;5;1;154;38
14.5;5;1;154;38
14.5;5;1;154;38
14.5;5;1;154;38
14.5;5;1;154;38
14.5;5;1;154;38
14.5;5;1;154;38
14.5;5;1;154;38
14.5;5;1;154;38
14.5;5;1;154;38
14.5;5;1;154;38
14.5;5;1;154;38
14.5;5;1;154;38
14.5;5;1;154;38
14.5;5;1;154;38
14.5;5;1;154;38
14.5;5;1;154;39
14.5;5;1;154;39
14.5;5;1;154;39
14.5;5;1;154;39
14.5;5;1;154;39
14.5;5;1;154;39
14.5;5;1;154;39
14.5;5;1;154;39
14.5;5;1;155;37
14.5;5;1;155;37
14.5;5;1;155;37
14.5;5;1;155;38
14.5;5;1;155;38
14.5;5;1;155;38
14.5;5;1;155;38
14.5;5;1;155;38
14.5;5;1;155;38
14.5;5;1;155;38
14.5;5;1;155;38
14.5;5;1;155;38
14.5;5;1;155;38
14.5;5;1;155;38
14.5;5;1;155;38
14.5;5;1;155;38
14.5;5;1;155;39
14.5;5;1;155;39
14.5;5;1;155;39
14.5;5;1;155;39
14.5;5;1;155;39
14.5;5;1;155;39
14.5;5;1;155;39
14.5;5;1;155;39
14.5;5;1;155;39
14.5;5;1;156;37
14.5;5;1;156;37
14.5;5;1;156;37
14.5;5;1;156;38
14.5;5;1;156;38
14.5;5;1;156;38
14.5;5;1;156;38
14.5;5;1;156;38
14.5;5;1;156;38
14.5;5;1;156;38
14.5;5;1;156;38
14.5;5;1;156;38
14.5;5;1;156;38
14.5;5;1;156;38
14.5;5;1;156;38
14.5;5;1;156;38
14.5;5;1;156;38
14.5;5;1;156;39
14.5;5;1;156;39
14.5;5;1;156;39
14.5;5;1;156;39
14.5;5;1;156;40
14.5;5;1;156;40
14.5;5;1;157;37
14.5;5;1;157;38
14.5;5;1;157;38
14.5;5;1;157;38
14.5;5;1;157;38
14.5;5;1;157;38
14.5;5;1;157;38
14.5;5;1;157;38
14.5;5;1;157;38
14.5;5;1;157;38
14.5;5;1;157;38
14.5;5;1;157;38
14.5;5;1;157;38
14.5;5;1;157;38
14.5;5;1;157;38
14.5;5;1;157;38
14.5;5;1;157;38
14.5;5;1;157;38
14.5;5;1;157;39
14.5;5;1;157;39
14.5;5;1;157;39
14.5;5;1;157;39
14.5;5;1;157;39
14.5;5;1;157;39
14.5;5;1;158;37
14.5;5;1;158;38
14.5;5;1;158;38
14.5;5;1;158;38
14.5;5;1;158;38
14.5;5;1;158;38
14.5;5;1;158;38
14.5;5;1;158;38
14.5;5;1;158;38
14.5;5;1;158;38
14.5;5;1;158;38
14.5;5;1;158;38
14.5;5;1;158;38
14.5;5;1;158;38
14.5;5;1;158;38
14.5;5;1;158;38
14.5;5;1;158;38
14.5;5;1;158;39
14.5;5;1;158;39
14.5;5;1;158;39
14.5;5;1;158;39
14.5;5;1;158;39
14.5;5;1;158;40
14.5;5;1;158;40
14.5;5;1;158;44
14.5;5;1;159;34
14.5;5;1;159;37
14.5;5;1;159;37
14.5;5;1;159;38
14.5;5;1;159;38
14.5;5;1;159;38
14.5;5;1;159;38
14.5;5;1;159;38
14.5;5;1;159;38
14.5;5;1;159;38
14.5;5;1;159;38
14.5;5;1;159;39
14.5;5;1;159;39
14.5;5;1;159;39
14.5;5;1;159;39
14.5;5;1;159;39
14.5;5;1;159;39
14.5;5;1;159;39
14.5;5;1;159;39
14.5;5;1;159;40
14.5;5;1;159;40
14.5;5;1;159;40
14.5;5;1;159;40
14.5;5;1;159;40
14.5;5;1;159;41
14.5;5;1;160;38
14.5;5;1;160;38
14.5;5;1;160;38
14.5;5;1;160;38
14.5;5;1;160;38
14.5;5;1;160;38
14.5;5;1;160;39
14.5;5;1;160;39
14.5;5;1;160;39
14.5;5;1;160;39
14.5;5;1;160;39
14.5;5;1;160;39
14.5;5;1;160;39
14.5;5;1;160;39
14.5;5;1;160;39
14.5;5;1;160;39
14.5;5;1;160;39
14.5;5;1;160;39
14.5;5;1;160;39
14.5;5;1;160;39
14.5;5;1;160;40
14.5;5;1;160;40
14.5;5;1;160;40
14.5;5;1;160;40
14.5;5;1;160;40
14.5;5;1;161;36
14.5;5;1;161;37
14.5;5;1;161;37
14.5;5;1;161;37
14.5;5;1;161;38
14.5;5;1;161;38
14.5;5;1;161;38
14.5;5;1;161;38
14.5;5;1;161;38
14.5;5;1;161;38
14.5;5;1;161;38
14.5;5;1;161;38
14.5;5;1;161;38
14.5;5;1;161;38
14.5;5;1;161;38
14.5;5;1;161;38
14.5;5;1;161;38
14.5;5;1;161;38
14.5;5;1;161;38
14.5;5;1;161;38
14.5;5;1;161;39
14.5;5;1;161;39
14.5;5;1;161;39
14.5;5;1;161;39
14.5;5;1;161;39
14.5;5;1;162;34
14.5;5;1;162;36
14.5;5;1;162;38
14.5;5;1;162;38
14.5;5;1;162;38
14.5;5;1;162;38
14.5;5;1;162;38
14.5;5;1;162;38
14.5;5;1;162;38
14.5;5;1;162;38
14.5;5;1;162;38
14.5;5;1;162;38
14.5;5;1;162;38
14.5;5;1;162;38
14.5;5;1;162;38
14.5;5;1;162;39
14.5;5;1;162;39
14.5;5;1;162;39
14.5;5;1;162;39
14.5;5;1;162;39
14.5;5;1;162;39
14.5;5;1;162;40
14.5;5;1;162;40
14.5;5;1;162;42
14.5;5;2;163;36
14.5;5;2;163;36
14.5;5;2;163;36
14.5;5;2;163;38
14.5;5;2;163;38
14.5;5;2;163;38
14.5;5;2;163;38
14.5;5;2;163;38
14.5;5;2;163;38
14.5;5;2;163;38
14.5;5;2;163;38
14.5;5;2;163;38
14.5;5;2;163;38
14.5;5;2;163;38
14.5;5;2;163;38
14.5;5;2;163;39
14.5;5;2;163;39
14.5;5;2;163;39
14.5;5;2;163;39
14.5;5;2;163;39
14.5;5;2;163;39
14.5;5;2;163;40
14.5;5;2;163;40
14.5;5;2;163;40
14.5;5;2;163;41
14.5;5;2;164;36
14.5;5;2;164;36
14.5;5;2;164;36
14.5;5;2;164;36
14.5;5;2;164;37
14.5;5;2;164;37
14.5;5;2;164;38
14.5;5;2;164;38
14.5;5;2;164;38
14.5;5;2;164;38
14.5;5;2;164;38
14.5;5;2;164;38
14.5;5;2;164;38
14.5;5;2;164;38
14.5;5;2;164;38
14.5;5;2;164;39
14.5;5;2;164;39
14.5;5;2;164;39
14.5;5;2;164;39
14.5;5;2;164;39
14.5;5;2;164;39
14.5;5;2;164;39
14.5;5;2;164;39
14.5;5;2;165;36
14.5;5;2;165;36
14.5;5;2;165;36
14.5;5;2;165;36
14.5;5;2;165;36
14.5;5;2;165;36
14.5;5;2;165;36
14.5;5;2;165;37
14.5;5;2;165;38
14.5;5;2;165;38
14.5;5;2;165;38
14.5;5;2;165;38
14.5;5;2;165;38
14.5;5;2;165;39
14.5;5;2;165;39
14.5;5;2;165;39
14.5;5;2;165;39
14.5;5;2;165;39
14.5;5;2;165;39
14.5;5;2;165;39
14.5;5;2;165;39
14.5;5;2;165;39
14.5;5;2;165;40
14.5;5;2;166;36
14.5;5;2;166;36
14.5;5;2;166;36
14.5;5;2;166;37
14.5;5;2;166;37
14.5;5;2;166;37
14.5;5;2;166;37
14.5;5;2;166;37
14.5;5;2;166;37
14.5;5;2;166;38
14.5;5;2;166;38
14.5;5;2;166;38
14.5;5;2;166;38
14.5;5;2;166;38
14.5;5;2;166;38
14.5;5;2;166;38
14.5;5;2;166;38
14.5;5;2;166;38
14.5;5;2;166;38
14.5;5;2;166;38
14.5;5;2;166;38
14.5;5;2;166;38
14.5;5;2;166;39
14.5;5;2;166;39
14.5;5;2;166;39
14.5;5;2;167;36
14.5;5;2;167;36
14.5;5;2;167;36
14.5;5;2;167;37
14.5;5;2;167;37
14.5;5;2;167;37
14.5;5;2;167;37
14.5;5;2;167;37
14.5;5;2;167;38
14.5;5;2;167;38
14.5;5;2;167;38
14.5;5;2;167;38
14.5;5;2;167;38
14.5;5;2;167;38
14.5;5;2;167;38
14.5;5;2;167;38
14.5;5;2;167;38
14.5;5;2;167;38
14.5;5;2;167;38
14.5;5;2;167;38
14.5;5;2;167;38
14.5;5;2;167;38
14.5;5;2;167;38
14.5;5;2;167;38
14.5;5;2;167;39
14.5;5;2;168;36
14.5;5;2;168;36
14.5;5;2;168;37
14.5;5;2;168;37
14.5;5;2;168;38
14.5;5;2;168;38
14.5;5;2;168;38
14.5;5;2;168;38
14.5;5;2;168;38
14.5;5;2;168;38
14.5;5;2;168;38
14.5;5;2;168;38
14.5;5;2;168;38
14.5;5;2;168;38
14.5;5;2;168;38
14.5;5;2;168;38
14.5;5;2;168;38
14.5;5;2;168;38
14.5;5;2;168;38
14.5;5;2;168;39
14.5;5;2;168;39
14.5;5;2;168;39
14.5;5;2;168;39
14.5;5;2;168;39
14.5;5;2;168;39
14.5;5;2;169;36
14.5;5;2;169;36
14.5;5;2;169;37
14.5;5;2;169;37
14.5;5;2;169;37
14.5;5;2;169;37
14.5;5;2;169;38
14.5;5;2;169;38
14.5;5;2;169;38
14.5;5;2;169;38
14.5;5;2;169;38
14.5;5;2;169;38
14.5;5;2;169;38
14.5;5;2;169;38
14.5;5;2;169;38
14.5;5;2;169;38
14.5;5;2;169;38
14.5;5;2;169;38
14.5;5;2;169;38
14.5;5;2;169;38
14.5;5;2;169;39
14.5;5;2;169;39
14.5;5;2;169;39
14.5;5;2;169;39
14.5;5;2;170;36
14.5;5;2;170;36
14.5;5;2;170;36
14.5;5;2;170;36
14.5;5;2;170;36
14.5;5;2;170;36
14.5;5;2;170;36
14.5;5;2;170;38
14.5;5;2;170;38
14.5;5;2;170;38
14.5;5;2;170;38
14.5;5;2;170;38
14.5;5;2;170;38
14.5;5;2;170;38
14.5;5;2;170;38
14.5;5;2;170;38
14.5;5;2;170;38
14.5;5;2;170;38
14.5;5;2;170;38
14.5;5;2;170;39
14.5;5;2;170;39
14.5;5;2;170;39
14.5;5;2;170;40
14.5;5;2;170;40
14.5;5;2;170;43
14.5;5;2;171;35
14.5;5;2;171;36
14.5;5;2;171;37
14.5;5;2;171;37
14.5;5;2;171;37
14.5;5;2;171;37
14.5;5;2;171;37
14.5;5;2;171;38
14.5;5;2;171;38
14.5;5;2;171;38
14.5;5;2;171;38
14.5;5;2;171;38
14.5;5;2;171;38
14.5;5;2;171;38
14.5;5;2;171;38
14.5;5;2;171;38
14.5;5;2;171;38
14.5;5;2;171;38
14.5;5;2;171;39
14.5;5;2;171;39
14.5;5;2;171;39
14.5;5;2;171;39
14.5;5;2;171;40
14.5;5;2;171;40
14.5;5;3;172;36
14.5;5;3;172;36
14.5;5;3;172;36
14.5;5;3;172;37
14.5;5;3;172;37
14.5;5;3;172;37
14.5;5;3;172;37
14.5;5;3;172;37
14.5;5;3;172;37
14.5;5;3;172;37
14.5;5;3;172;37
14.5;5;3;172;37
14.5;5;3;172;37
14.5;5;3;172;37
14.5;5;3;172;37
14.5;5;3;172;37
14.5;5;3;172;37
14.5;5;3;172;37
14.5;5;3;172;37
14.5;5;3;172;37
14.5;5;3;172;37
14.5;5;3;172;37
14.5;5;3;172;37
14.5;5;3;172;38
14.5;5;3;172;38
14.5;5;3;173;36
14.5;5;3;173;36
14.5;5;3;173;36
14.5;5;3;173;36
14.5;5;3;173;37
14.5;5;3;173;37
14.5;5;3;173;37
14.5;5;3;173;37
14.5;5;3;173;37
14.5;5;3;173;37
14.5;5;3;173;37
14.5;5;3;173;37
14.5;5;3;173;37
14.5;5;3;173;37
14.5;5;3;173;37
14.5;5;3;173;37
14.5;5;3;173;37
14.5;5;3;173;37
14.5;5;3;173;37
14.5;5;3;173;37
14.5;5;3;173;37
14.5;5;3;173;37
14.5;5;3;173;37
14.5;5;3;173;37
14.5;5;3;173;39
14.5;5;3;174;36
14.5;5;3;174;36
14.5;5;3;174;36
14.5;5;3;174;36
14.5;5;3;174;36
14.5;5;3;174;36
14.5;5;3;174;36
14.5;5;3;174;36
14.5;5;3;174;36
14.5;5;3;174;37
14.5;5;3;174;37
14.5;5;3;174;37
14.5;5;3;174;37
14.5;5;3;174;37
14.5;5;3;174;37
14.5;5;3;174;37
14.5;5;3;174;37
14.5;5;3;174;37
14.5;5;3;174;37
14.5;5;3;174;37
14.5;5;3;174;37
14.5;5;3;174;37
14.5;5;3;174;37
14.5;5;3;174;37
14.5;5;3;174;37
14.5;5;3;175;35
14.5;5;3;175;36
14.5;5;3;175;36
14.5;5;3;175;36
14.5;5;3;175;36
14.5;5;3;175;36
14.5;5;3;175;36
14.5;5;3;175;37
14.5;5;3;175;37
14.5;5;3;175;37
14.5;5;3;175;37
14.5;5;3;175;37
14.5;5;3;175;37
14.5;5;3;175;37
14.5;5;3;175;37
14.5;5;3;175;37
14.5;5;3;175;37
14.5;5;3;175;37
14.5;5;3;175;37
14.5;5;3;175;37
14.5;5;3;175;38
14.5;5;3;175;38
14.5;5;3;175;39
14.5;5;3;175;39
14.5;5;3;176;34
14.5;5;3;176;36
14.5;5;3;176;36
14.5;5;3;176;36
14.5;5;3;176;36
14.5;5;3;176;36
14.5;5;3;176;36
14.5;5;3;176;36
14.5;5;3;176;36
14.5;5;3;176;37
14.5;5;3;176;37
14.5;5;3;176;37
14.5;5;3;176;37
14.5;5;3;176;37
14.5;5;3;176;37
14.5;5;3;176;37
14.5;5;3;176;37
14.5;5;3;176;37
14.5;5;3;176;37
14.5;5;3;176;37
14.5;5;3;176;37
14.5;5;3;176;37
14.5;5;3;176;37
14.5;5;3;176;38
14.5;5;3;177;36
14.5;5;3;177;36
14.5;5;3;177;36
14.5;5;3;177;37
14.5;5;3;177;37
14.5;5;3;177;37
14.5;5;3;177;37
14.5;5;3;177;37
14.5;5;3;177;37
14.5;5;3;177;37
14.5;5;3;177;37
14.5;5;3;177;37
14.5;5;3;177;37
14.5;5;3;177;37
14.5;5;3;177;37
14.5;5;3;177;37
14.5;5;3;177;37
14.5;5;3;177;37
14.5;5;3;177;37
14.5;5;3;177;37
14.5;5;3;177;37
14.5;5;3;177;37
14.5;5;3;177;38
14.5;5;3;178;36
14.5;5;3;178;36
14.5;5;3;178;36
14.5;5;3;178;36
14.5;5;3;178;36
14.5;5;3;178;36
14.5;5;3;178;36
14.5;5;3;178;36
14.5;5;3;178;36
14.5;5;3;178;37
14.5;5;3;178;37
14.5;5;3;178;37
14.5;5;3;178;37
14.5;5;3;178;37
14.5;5;3;178;37
14.5;5;3;178;37
14.5;5;3;178;37
14.5;5;3;178;37
14.5;5;3;178;37
14.5;5;3;178;37
14.5;5;3;178;37
14.5;5;3;178;37
14.5;5;3;178;37
14.5;5;3;178;37
14.5;5;3;179;36
14.5;5;3;179;36
14.5;5;3;179;36
14.5;5;3;179;36
14.5;5;3;179;36
14.5;5;3;179;36
14.5;5;3;179;36
14.5;5;3;179;37
14.5;5;3;179;37
14.5;5;3;179;37
14.5;5;3;179;37
14.5;5;3;179;37
14.5;5;3;179;37
14.5;5;3;179;37
14.5;5;3;179;37
14.5;5;3;179;37
14.5;5;3;179;37
14.5;5;3;179;37
14.5;5;3;179;37
14.5;5;3;179;37
14.5;5;3;179;37
14.5;5;3;179;37
14.5;5;3;179;37
14.5;5;3;179;37
14.5;5;3;179;38
14.5;5;3;180;36
14.5;5;3;180;37
14.5;5;3;180;37
14.5;5;3;180;37
14.5;5;3;180;37
14.5;5;3;180;37
14.5;5;3;180;37
14.5;5;3;180;37
14.5;5;3;180;37
14.5;5;3;180;37
14.5;5;3;180;37
14.5;5;3;180;37
14.5;5;3;180;37
14.5;5;3;180;37
14.5;5;3;180;37
14.5;5;3;180;37
14.5;5;3;180;37
14.5;5;3;180;37
14.5;5;3;180;37
14.5;5;3;180;37
14.5;5;3;180;37
14.5;5;3;180;37
14.5;5;3;180;37
14.5;5;3;180;38
14.5;11;1;190;37
14.5;11;1;190;37
14.5;11;1;190;37
14.5;11;1;190;37
14.5;11;1;190;37
14.5;11;1;190;37
14.5;11;1;190;37
14.5;11;1;190;37
14.5;11;1;190;37
14.5;11;1;190;37
14.5;11;1;190;38
14.5;11;1;190;38
14.5;11;1;190;38
14.5;11;1;190;38
14.5;11;1;190;38
14.5;11;1;190;38
14.5;11;1;190;38
14.5;11;1;190;38
14.5;11;1;190;38
14.5;11;1;190;38
14.5;11;1;190;38
14.5;11;1;190;38
14.5;11;1;190;38
14.5;11;1;190;39
14.5;11;1;190;39
14.5;11;1;191;35
14.5;11;1;191;36
14.5;11;1;191;36
14.5;11;1;191;36
14.5;11;1;191;37
14.5;11;1;191;37
14.5;11;1;191;37
14.5;11;1;191;37
14.5;11;1;191;37
14.5;11;1;191;37
14.5;11;1;191;37
14.5;11;1;191;37
14.5;11;1;191;37
14.5;11;1;191;37
14.5;11;1;191;37
14.5;11;1;191;37
14.5;11;1;191;37
14.5;11;1;191;37
14.5;11;1;191;38
14.5;11;1;191;38
14.5;11;1;191;38
14.5;11;1;191;38
14.5;11;1;191;38
14.5;11;1;191;39
14.5;11;1;191;39
14.5;11;1;192;37
14.5;11;1;192;37
14.5;11;1;192;37
14.5;11;1;192;37
14.5;11;1;192;37
14.5;11;1;192;37
14.5;11;1;192;37
14.5;11;1;192;37
14.5;11;1;192;37
14.5;11;1;192;37
14.5;11;1;192;37
14.5;11;1;192;37
14.5;11;1;192;37
14.5;11;1;192;37
14.5;11;1;192;37
14.5;11;1;192;37
14.5;11;1;192;37
14.5;11;1;192;37
14.5;11;1;192;37
14.5;11;1;192;38
14.5;11;1;192;38
14.5;11;1;192;38
14.5;11;1;192;38
14.5;11;1;192;38
14.5;11;1;192;38
14.5;11;1;193;37
14.5;11;1;193;37
14.5;11;1;193;37
14.5;11;1;193;37
14.5;11;1;193;37
14.5;11;1;193;37
14.5;11;1;193;37
14.5;11;1;193;37
14.5;11;1;193;37
14.5;11;1;193;37
14.5;11;1;193;37
14.5;11;1;193;38
14.5;11;1;193;38
14.5;11;1;193;38
14.5;11;1;193;38
14.5;11;1;193;38
14.5;11;1;193;38
14.5;11;1;193;38
14.5;11;1;193;38
14.5;11;1;193;38
14.5;11;1;193;39
14.5;11;1;193;39
14.5;11;1;193;40
14.5;11;1;194;37
14.5;11;1;194;37
14.5;11;1;194;37
14.5;11;1;194;37
14.5;11;1;194;37
14.5;11;1;194;37
14.5;11;1;194;37
14.5;11;1;194;37
14.5;11;1;194;37
14.5;11;1;194;38
14.5;11;1;194;38
14.5;11;1;194;38
14.5;11;1;194;38
14.5;11;1;194;38
14.5;11;1;194;38
14.5;11;1;194;38
14.5;11;1;194;38
14.5;11;1;194;38
14.5;11;1;194;38
14.5;11;1;194;38
14.5;11;1;194;38
14.5;11;1;194;38
14.5;11;1;194;40
14.5;11;1;195;37
14.5;11;1;195;37
14.5;11;1;195;37
14.5;11;1;195;37
14.5;11;1;195;37
14.5;11;1;195;37
14.5;11;1;195;37
14.5;11;1;195;37
14.5;11;1;195;37
14.5;11;1;195;37
14.5;11;1;195;37
14.5;11;1;195;37
14.5;11;1;195;38
14.5;11;1;195;38
14.5;11;1;195;38
14.5;11;1;195;38
14.5;11;1;195;38
14.5;11;1;195;38
14.5;11;1;195;38
14.5;11;1;195;38
14.5;11;1;195;38
14.5;11;1;195;38
14.5;11;1;195;38
14.5;11;1;195;39
14.5;11;1;195;39
14.5;11;1;196;37
14.5;11;1;196;37
14.5;11;1;196;37
14.5;11;1;196;37
14.5;11;1;196;37
14.5;11;1;196;37
14.5;11;1;196;37
14.5;11;1;196;37
14.5;11;1;196;37
14.5;11;1;196;37
14.5;11;1;196;37
14.5;11;1;196;37
14.5;11;1;196;37
14.5;11;1;196;37
14.5;11;1;196;37
14.5;11;1;196;37
14.5;11;1;196;37
14.5;11;1;196;37
14.5;11;1;196;37
14.5;11;1;196;37
14.5;11;1;196;38
14.5;11;1;196;38
14.5;11;1;196;40
14.5;11;1;197;36
14.5;11;1;197;36
14.5;11;1;197;37
14.5;11;1;197;37
14.5;11;1;197;37
14.5;11;1;197;37
14.5;11;1;197;37
14.5;11;1;197;37
14.5;11;1;197;37
14.5;11;1;197;37
14.5;11;1;197;37
14.5;11;1;197;37
14.5;11;1;197;37
14.5;11;1;197;37
14.5;11;1;197;37
14.5;11;1;197;38
14.5;11;1;197;38
14.5;11;1;197;38
14.5;11;1;197;38
14.5;11;1;197;38
14.5;11;1;197;38
14.5;11;1;197;38
14.5;11;1;197;38
14.5;11;1;197;40
14.5;11;1;198;37
14.5;11;1;198;37
14.5;11;1;198;37
14.5;11;1;198;37
14.5;11;1;198;37
14.5;11;1;198;37
14.5;11;1;198;37
14.5;11;1;198;37
14.5;11;1;198;38
14.5;11;1;198;38
14.5;11;1;198;38
14.5;11;1;198;38
14.5;11;1;198;38
14.5;11;1;198;38
14.5;11;1;198;38
14.5;11;1;198;38
14.5;11;1;198;38
14.5;11;1;198;38
14.5;11;1;198;38
14.5;11;1;198;38
14.5;11;1;198;38
14.5;11;1;198;38
14.5;11;1;198;38
14.5;11;1;198;38
14.5;11;1;198;39
14.5;11;2;199;36
14.5;11;2;199;36
14.5;11;2;199;36
14.5;11;2;199;36
14.5;11;2;199;37
14.5;11;2;199;37
14.5;11;2;199;37
14.5;11;2;199;37
14.5;11;2;199;37
14.5;11;2;199;37
14.5;11;2;199;37
14.5;11;2;199;37
14.5;11;2;199;37
14.5;11;2;199;37
14.5;11;2;199;37
14.5;11;2;199;37
14.5;11;2;199;37
14.5;11;2;199;37
14.5;11;2;199;38
14.5;11;2;199;38
14.5;11;2;199;39
14.5;11;2;199;39
14.5;11;2;200;36
14.5;11;2;200;36
14.5;11;2;200;36
14.5;11;2;200;36
14.5;11;2;200;36
14.5;11;2;200;36
14.5;11;2;200;36
14.5;11;2;200;36
14.5;11;2;200;37
14.5;11;2;200;37
14.5;11;2;200;37
14.5;11;2;200;37
14.5;11;2;200;37
14.5;11;2;200;37
14.5;11;2;200;37
14.5;11;2;200;37
14.5;11;2;200;37
14.5;11;2;200;37
14.5;11;2;200;37
14.5;11;2;200;37
14.5;11;2;200;38
14.5;11;2;200;38
14.5;11;2;200;40
14.5;11;2;201;35
14.5;11;2;201;36
14.5;11;2;201;36
14.5;11;2;201;36
14.5;11;2;201;37
14.5;11;2;201;37
14.5;11;2;201;37
14.5;11;2;201;37
14.5;11;2;201;37
14.5;11;2;201;37
14.5;11;2;201;37
14.5;11;2;201;37
14.5;11;2;201;37
14.5;11;2;201;37
14.5;11;2;201;37
14.5;11;2;201;37
14.5;11;2;201;37
14.5;11;2;201;37
14.5;11;2;201;38
14.5;11;2;201;38
14.5;11;2;201;38
14.5;11;2;201;38
14.5;11;2;202;36
14.5;11;2;202;36
14.5;11;2;202;36
14.5;11;2;202;36
14.5;11;2;202;37
14.5;11;2;202;37
14.5;11;2;202;37
14.5;11;2;202;37
14.5;11;2;202;37
14.5;11;2;202;37
14.5;11;2;202;37
14.5;11;2;202;37
14.5;11;2;202;37
14.5;11;2;202;37
14.5;11;2;202;37
14.5;11;2;202;37
14.5;11;2;202;37
14.5;11;2;202;37
14.5;11;2;202;37
14.5;11;2;202;37
14.5;11;2;202;37
14.5;11;2;202;38
14.5;11;2;202;39
14.5;11;2;202;39
14.5;11;2;203;36
14.5;11;2;203;36
14.5;11;2;203;36
14.5;11;2;203;36
14.5;11;2;203;36
14.5;11;2;203;36
14.5;11;2;203;36
14.5;11;2;203;36
14.5;11;2;203;36
14.5;11;2;203;36
14.5;11;2;203;36
14.5;11;2;203;36
14.5;11;2;203;36
14.5;11;2;203;36
14.5;11;2;203;36
14.5;11;2;203;36
14.5;11;2;203;36
14.5;11;2;203;36
14.5;11;2;203;37
14.5;11;2;203;37
14.5;11;2;203;37
14.5;11;2;203;37
14.5;11;2;203;38
14.5;11;2;203;38
14.5;11;2;203;40
14.5;11;2;204;36
14.5;11;2;204;36
14.5;11;2;204;36
14.5;11;2;204;36
14.5;11;2;204;36
14.5;11;2;204;36
14.5;11;2;204;36
14.5;11;2;204;36
14.5;11;2;204;36
14.5;11;2;204;36
14.5;11;2;204;36
14.5;11;2;204;36
14.5;11;2;204;36
14.5;11;2;204;36
14.5;11;2;204;36
14.5;11;2;204;37
14.5;11;2;204;37
14.5;11;2;204;37
14.5;11;2;204;37
14.5;11;2;204;37
14.5;11;2;204;37
14.5;11;2;204;39
14.5;11;2;204;40
14.5;11;2;205;36
14.5;11;2;205;36
14.5;11;2;205;36
14.5;11;2;205;37
14.5;11;2;205;37
14.5;11;2;205;37
14.5;11;2;205;37
14.5;11;2;205;37
14.5;11;2;205;37
14.5;11;2;205;37
14.5;11;2;205;37
14.5;11;2;205;37
14.5;11;2;205;37
14.5;11;2;205;37
14.5;11;2;205;37
14.5;11;2;205;37
14.5;11;2;205;37
14.5;11;2;205;37
14.5;11;2;205;37
14.5;11;2;205;37
14.5;11;2;205;37
14.5;11;2;205;37
14.5;11;2;205;38
14.5;11;2;205;40
14.5;11;2;206;36
14.5;11;2;206;36
14.5;11;2;206;37
14.5;11;2;206;37
14.5;11;2;206;37
14.5;11;2;206;37
14.5;11;2;206;37
14.5;11;2;206;37
14.5;11;2;206;37
14.5;11;2;206;37
14.5;11;2;206;37
14.5;11;2;206;37
14.5;11;2;206;37
14.5;11;2;206;37
14.5;11;2;206;37
14.5;11;2;206;37
14.5;11;2;206;37
14.5;11;2;206;37
14.5;11;2;206;37
14.5;11;2;206;37
14.5;11;2;206;38
14.5;11;2;206;38
14.5;11;2;206;38
14.5;11;2;206;38
14.5;11;2;207;36
14.5;11;2;207;37
14.5;11;2;207;37
14.5;11;2;207;37
14.5;11;2;207;37
14.5;11;2;207;37
14.5;11;2;207;37
14.5;11;2;207;37
14.5;11;2;207;37
14.5;11;2;207;37
14.5;11;2;207;37
14.5;11;2;207;37
14.5;11;2;207;37
14.5;11;2;207;37
14.5;11;2;207;37
14.5;11;2;207;37
14.5;11;2;207;37
14.5;11;2;207;37
14.5;11;2;207;37
14.5;11;2;207;37
14.5;11;2;207;37
14.5;11;2;207;38
14.5;11;2;207;38
14.5;11;2;207;38
14.5;11;3;208;37
14.5;11;3;208;38
14.5;11;3;208;38
14.5;11;3;208;38
14.5;11;3;208;38
14.5;11;3;208;38
14.5;11;3;208;38
14.5;11;3;208;38
14.5;11;3;208;38
14.5;11;3;208;38
14.5;11;3;208;38
14.5;11;3;208;38
14.5;11;3;208;38
14.5;11;3;208;38
14.5;11;3;208;38
14.5;11;3;208;38
14.5;11;3;208;39
14.5;11;3;208;39
14.5;11;3;208;39
14.5;11;3;208;39
14.5;11;3;208;39
14.5;11;3;208;39
14.5;11;3;208;39
14.5;11;3;208;39
14.5;11;3;208;40
14.5;11;3;209;37
14.5;11;3;209;37
14.5;11;3;209;37
14.5;11;3;209;38
14.5;11;3;209;38
14.5;11;3;209;38
14.5;11;3;209;38
14.5;11;3;209;38
14.5;11;3;209;38
14.5;11;3;209;38
14.5;11;3;209;38
14.5;11;3;209;38
14.5;11;3;209;38
14.5;11;3;209;38
14.5;11;3;209;38
14.5;11;3;209;38
14.5;11;3;209;38
14.5;11;3;209;38
14.5;11;3;209;38
14.5;11;3;209;38
14.5;11;3;209;38
14.5;11;3;209;38
14.5;11;3;209;39
14.5;11;3;209;39
14.5;11;3;209;39
14.5;11;3;210;36
14.5;11;3;210;38
14.5;11;3;210;38
14.5;11;3;210;38
14.5;11;3;210;38
14.5;11;3;210;38
14.5;11;3;210;38
14.5;11;3;210;38
14.5;11;3;210;38
14.5;11;3;210;38
14.5;11;3;210;38
14.5;11;3;210;38
14.5;11;3;210;38
14.5;11;3;210;38
14.5;11;3;210;38
14.5;11;3;210;38
14.5;11;3;210;38
14.5;11;3;210;38
14.5;11;3;210;39
14.5;11;3;210;39
14.5;11;3;210;39
14.5;11;3;210;39
14.5;11;3;210;39
14.5;11;3;210;39
14.5;11;3;210;42
14.5;11;3;211;36
14.5;11;3;211;37
14.5;11;3;211;38
14.5;11;3;211;38
14.5;11;3;211;38
14.5;11;3;211;38
14.5;11;3;211;38
14.5;11;3;211;38
14.5;11;3;211;38
14.5;11;3;211;38
14.5;11;3;211;38
14.5;11;3;211;38
14.5;11;3;211;38
14.5;11;3;211;38
14.5;11;3;211;38
14.5;11;3;211;38
14.5;11;3;211;38
14.5;11;3;211;38
14.5;11;3;211;38
14.5;11;3;211;38
14.5;11;3;211;38
14.5;11;3;211;39
14.5;11;3;211;39
14.5;11;3;211;39
14.5;11;3;212;35
14.5;11;3;212;36
14.5;11;3;212;36
14.5;11;3;212;36
14.5;11;3;212;37
14.5;11;3;212;37
14.5;11;3;212;37
14.5;11;3;212;37
14.5;11;3;212;37
14.5;11;3;212;37
14.5;11;3;212;37
14.5;11;3;212;37
14.5;11;3;212;38
14.5;11;3;212;38
14.5;11;3;212;38
14.5;11;3;212;38
14.5;11;3;212;38
14.5;11;3;212;38
14.5;11;3;212;38
14.5;11;3;212;38
14.5;11;3;212;39
14.5;11;3;212;39
14.5;11;3;212;39
14.5;11;3;212;40
14.5;11;3;213;37
14.5;11;3;213;38
14.5;11;3;213;38
14.5;11;3;213;38
14.5;11;3;213;38
14.5;11;3;213;38
14.5;11;3;213;38
14.5;11;3;213;38
14.5;11;3;213;38
14.5;11;3;213;38
14.5;11;3;213;38
14.5;11;3;213;38
14.5;11;3;213;38
14.5;11;3;213;38
14.5;11;3;213;38
14.5;11;3;213;38
14.5;11;3;213;38
14.5;11;3;213;38
14.5;11;3;213;38
14.5;11;3;213;38
14.5;11;3;213;38
14.5;11;3;213;38
14.5;11;3;213;38
14.5;11;3;214;37
14.5;11;3;214;37
14.5;11;3;214;38
14.5;11;3;214;38
14.5;11;3;214;38
14.5;11;3;214;38
14.5;11;3;214;38
14.5;11;3;214;38
14.5;11;3;214;38
14.5;11;3;214;38
14.5;11;3;214;38
14.5;11;3;214;38
14.5;11;3;214;38
14.5;11;3;214;38
14.5;11;3;214;38
14.5;11;3;214;38
14.5;11;3;214;38
14.5;11;3;214;38
14.5;11;3;214;38
14.5;11;3;214;38
14.5;11;3;214;38
14.5;11;3;214;39
14.5;11;3;214;39
14.5;11;3;214;39
14.5;11;3;214;40
14.5;11;3;215;38
14.5;11;3;215;38
14.5;11;3;215;38
14.5;11;3;215;38
14.5;11;3;215;38
14.5;11;3;215;38
14.5;11;3;215;38
14.5;11;3;215;38
14.5;11;3;215;38
14.5;11;3;215;38
14.5;11;3;215;38
14.5;11;3;215;38
14.5;11;3;215;38
14.5;11;3;215;38
14.5;11;3;215;38
14.5;11;3;215;38
14.5;11;3;215;38
14.5;11;3;215;38
14.5;11;3;215;38
14.5;11;3;215;38
14.5;11;3;215;38
14.5;11;3;215;38
14.5;11;3;215;39
14.5;11;3;215;39
14.5;11;3;215;39
14.5;11;3;216;37
14.5;11;3;216;38
14.5;11;3;216;38
14.5;11;3;216;38
14.5;11;3;216;38
14.5;11;3;216;38
14.5;11;3;216;38
14.5;11;3;216;38
14.5;11;3;216;38
14.5;11;3;216;38
14.5;11;3;216;38
14.5;11;3;216;38
14.5;11;3;216;38
14.5;11;3;216;38
14.5;11;3;216;38
14.5;11;3;216;38
14.5;11;3;216;38
14.5;11;3;216;38
14.5;11;3;216;38
14.5;11;3;216;38
14.5;11;3;216;38
14.5;11;3;216;38
14.5;11;3;216;39
14.5;11;3;216;39
14.5;11;3;216;39
17;2.5;1;226;37
17;2.5;1;226;38
17;2.5;1;226;38
17;2.5;1;226;39
17;2.5;1;226;39
17;2.5;1;226;39
17;2.5;1;226;40
17;2.5;1;226;40
17;2.5;1;226;40
17;2.5;1;226;40
17;2.5;1;226;41
17;2.5;1;226;42
17;2.5;1;226;46
17;2.5;1;227;38
17;2.5;1;227;39
17;2.5;1;227;39
17;2.5;1;227;39
17;2.5;1;227;39
17;2.5;1;227;39
17;2.5;1;227;39
17;2.5;1;227;39
17;2.5;1;227;40
17;2.5;1;227;40
17;2.5;1;227;40
17;2.5;1;227;40
17;2.5;1;227;40
17;2.5;1;227;40
17;2.5;1;227;41
17;2.5;1;227;41
17;2.5;1;227;41
17;2.5;1;227;41
17;2.5;1;227;41
17;2.5;1;227;42
17;2.5;1;227;42
17;2.5;1;227;42
17;2.5;1;227;42
17;2.5;1;227;44
17;2.5;1;228;34
17;2.5;1;228;38
17;2.5;1;228;39
17;2.5;1;228;39
17;2.5;1;228;39
17;2.5;1;228;39
17;2.5;1;228;39
17;2.5;1;228;39
17;2.5;1;228;39
17;2.5;1;228;39
17;2.5;1;228;39
17;2.5;1;228;39
17;2.5;1;228;39
17;2.5;1;228;39
17;2.5;1;228;39
17;2.5;1;228;41
17;2.5;1;228;41
17;2.5;1;228;41
17;2.5;1;228;42
17;2.5;1;228;42
17;2.5;1;228;43
17;2.5;1;228;43
17;2.5;1;228;43
17;2.5;1;228;43
17;2.5;1;228;43
17;2.5;1;229;36
17;2.5;1;229;36
17;2.5;1;229;39
17;2.5;1;229;39
17;2.5;1;229;39
17;2.5;1;229;39
17;2.5;1;229;39
17;2.5;1;229;40
17;2.5;1;229;40
17;2.5;1;229;40
17;2.5;1;229;40
17;2.5;1;229;40
17;2.5;1;229;40
17;2.5;1;229;41
17;2.5;1;229;41
17;2.5;1;229;42
17;2.5;1;229;42
17;2.5;1;229;43
17;2.5;1;229;46
17;2.5;1;229;46
17;2.5;1;230;34
17;2.5;1;230;38
17;2.5;1;230;38
17;2.5;1;230;38
17;2.5;1;230;38
17;2.5;1;230;38
17;2.5;1;230;38
17;2.5;1;230;38
17;2.5;1;230;38
17;2.5;1;230;38
17;2.5;1;230;38
17;2.5;1;230;38
17;2.5;1;230;39
17;2.5;1;230;39
17;2.5;1;230;39
17;2.5;1;230;39
17;2.5;1;230;39
17;2.5;1;230;39
17;2.5;1;230;39
17;2.5;1;230;39
17;2.5;1;230;40
17;2.5;1;230;40
17;2.5;1;230;42
17;2.5;1;230;44
17;2.5;1;231;36
17;2.5;1;231;38
17;2.5;1;231;38
17;2.5;1;231;38
17;2.5;1;231;38
17;2.5;1;231;38
17;2.5;1;231;38
17;2.5;1;231;38
17;2.5;1;231;38
17;2.5;1;231;38
17;2.5;1;231;38
17;2.5;1;231;38
17;2.5;1;231;38
17;2.5;1;231;39
17;2.5;1;231;39
17;2.5;1;231;39
17;2.5;1;231;39
17;2.5;1;231;40
17;2.5;1;231;40
17;2.5;1;231;41
17;2.5;1;231;41
17;2.5;1;231;42
17;2.5;1;232;35
17;2.5;1;232;36
17;2.5;1;232;36
17;2.5;1;232;37
17;2.5;1;232;37
17;2.5;1;232;37
17;2.5;1;232;38
17;2.5;1;232;38
17;2.5;1;232;38
17;2.5;1;232;38
17;2.5;1;232;39
17;2.5;1;232;39
17;2.5;1;232;39
17;2.5;1;232;39
17;2.5;1;232;40
17;2.5;1;232;41
17;2.5;1;233;38
17;2.5;1;233;38
17;2.5;1;233;38
17;2.5;1;233;38
17;2.5;1;233;38
17;2.5;1;233;38
17;2.5;1;233;39
17;2.5;1;233;39
17;2.5;1;233;39
17;2.5;1;233;39
17;2.5;1;233;40
17;2.5;1;233;40
17;2.5;1;233;40
17;2.5;1;233;40
17;2.5;1;233;40
17;2.5;1;233;40
17;2.5;1;233;40
17;2.5;1;233;40
17;2.5;1;233;40
17;2.5;1;233;41
17;2.5;1;233;42
17;2.5;1;233;43
17;2.5;1;234;34
17;2.5;1;234;38
17;2.5;1;234;38
17;2.5;1;234;38
17;2.5;1;234;39
17;2.5;1;234;39
17;2.5;1;234;39
17;2.5;1;234;39
17;2.5;1;234;39
17;2.5;1;234;39
17;2.5;1;234;40
17;2.5;1;234;40
17;2.5;1;234;40
17;2.5;1;234;40
17;2.5;1;234;40
17;2.5;1;234;40
17;2.5;1;234;40
17;2.5;1;234;40
17;2.5;1;234;40
17;2.5;1;234;40
17;2.5;1;234;40
17;2.5;1;234;41
17;2.5;1;234;43
17;2.5;1;234;46
17;2.5;2;235;33
17;2.5;2;235;34
17;2.5;2;235;34
17;2.5;2;235;35
17;2.5;2;235;36
17;2.5;2;235;36
17;2.5;2;235;36
17;2.5;2;235;37
17;2.5;2;235;37
17;2.5;2;235;37
17;2.5;2;235;37
17;2.5;2;235;37
17;2.5;2;235;37
17;2.5;2;235;37
17;2.5;2;235;37
17;2.5;2;235;37
17;2.5;2;236;33
17;2.5;2;236;35
17;2.5;2;236;35
17;2.5;2;236;35
17;2.5;2;236;35
17;2.5;2;236;35
17;2.5;2;236;35
17;2.5;2;236;35
17;2.5;2;236;36
17;2.5;2;236;36
17;2.5;2;236;37
17;2.5;2;236;37
17;2.5;2;236;37
17;2.5;2;236;39
17;2.5;2;237;34
17;2.5;2;237;34
17;2.5;2;237;35
17;2.5;2;237;35
17;2.5;2;237;36
17;2.5;2;238;33
17;2.5;2;238;34
17;2.5;2;238;34
17;2.5;2;238;34
17;2.5;2;238;34
17;2.5;2;238;34
17;2.5;2;238;34
17;2.5;2;238;34
17;2.5;2;238;34
17;2.5;2;238;35
17;2.5;2;238;35
17;2.5;2;238;35
17;2.5;2;238;35
17;2.5;2;238;37
17;2.5;2;238;37
17;2.5;2;238;37
17;2.5;2;238;38
17;2.5;2;238;41
17;2.5;2;239;34
17;2.5;2;239;35
17;2.5;2;239;35
17;2.5;2;239;35
17;2.5;2;239;35
17;2.5;2;239;36
17;2.5;2;239;36
17;2.5;2;239;36
17;2.5;2;239;38
17;2.5;2;239;38
17;2.5;2;239;39
17;2.5;2;239;40
17;2.5;2;239;40
17;2.5;2;240;33
17;2.5;2;240;33
17;2.5;2;240;34
17;2.5;2;240;35
17;2.5;2;240;35
17;2.5;2;240;35
17;2.5;2;240;35
17;2.5;2;240;35
17;2.5;2;240;36
17;2.5;2;240;37
17;2.5;2;240;37
17;2.5;2;241;34
17;2.5;2;241;34
17;2.5;2;241;35
17;2.5;2;241;35
17;2.5;2;241;35
17;2.5;2;241;35
17;2.5;2;241;35
17;2.5;2;241;35
17;2.5;2;241;35
17;2.5;2;241;35
17;2.5;2;241;36
17;2.5;2;241;37
17;2.5;2;241;37
17;2.5;2;241;38
17;2.5;2;241;39
17;2.5;2;242;34
17;2.5;2;242;34
17;2.5;2;242;34
17;2.5;2;242;34
17;2.5;2;242;34
17;2.5;2;242;35
17;2.5;2;242;35
17;2.5;2;242;35
17;2.5;2;242;35
17;2.5;2;242;35
17;2.5;2;242;35
17;2.5;2;242;36
17;2.5;2;242;36
17;2.5;2;242;37
17;2.5;2;242;39
17;2.5;2;243;36
17;2.5;3;246;36
17;2.5;3;247;36
17;2.5;3;248;33
17;2.5;3;248;34
17;2.5;3;248;34
17;2.5;3;248;34
17;2.5;3;248;34
17;2.5;3;248;35
17;2.5;3;248;36
17;2.5;3;248;36
17;2.5;3;248;37
17;2.5;3;251;36
17;5;1;262;35
17;5;1;262;36
17;5;1;262;36
17;5;1;262;37
17;5;1;262;37
17;5;1;262;37
17;5;1;262;37
17;5;1;262;37
17;5;1;262;37
17;5;1;262;37
17;5;1;262;38
17;5;1;262;38
17;5;1;262;38
17;5;1;262;38
17;5;1;262;38
17;5;1;262;38
17;5;1;262;38
17;5;1;262;39
17;5;1;262;41
17;5;1;263;37
17;5;1;263;37
17;5;1;263;37
17;5;1;263;38
17;5;1;263;38
17;5;1;263;38
17;5;1;263;38
17;5;1;263;38
17;5;1;263;38
17;5;1;263;38
17;5;1;263;38
17;5;1;263;38
17;5;1;263;38
17;5;1;263;38
17;5;1;263;38
17;5;1;263;38
17;5;1;263;39
17;5;1;263;39
17;5;1;263;39
17;5;1;263;39
17;5;1;263;39
17;5;1;263;39
17;5;1;263;39
17;5;1;264;36
17;5;1;264;37
17;5;1;264;37
17;5;1;264;38
17;5;1;264;38
17;5;1;264;38
17;5;1;264;38
17;5;1;264;38
17;5;1;264;38
17;5;1;264;38
17;5;1;264;38
17;5;1;264;38
17;5;1;264;38
17;5;1;264;38
17;5;1;264;39
17;5;1;264;39
17;5;1;264;39
17;5;1;264;39
17;5;1;264;39
17;5;1;264;39
17;5;1;264;39
17;5;1;264;39
17;5;1;264;39
17;5;1;264;40
17;5;1;264;40
17;5;1;265;37
17;5;1;265;37
17;5;1;265;37
17;5;1;265;37
17;5;1;265;37
17;5;1;265;37
17;5;1;265;37
17;5;1;265;37
17;5;1;265;38
17;5;1;265;38
17;5;1;265;38
17;5;1;265;38
17;5;1;265;38
17;5;1;265;38
17;5;1;265;38
17;5;1;265;38
17;5;1;265;38
17;5;1;265;38
17;5;1;265;38
17;5;1;265;38
17;5;1;265;38
17;5;1;265;38
17;5;1;265;39
17;5;1;266;32
17;5;1;266;37
17;5;1;266;37
17;5;1;266;37
17;5;1;266;37
17;5;1;266;37
17;5;1;266;37
17;5;1;266;37
17;5;1;266;37
17;5;1;266;37
17;5;1;266;37
17;5;1;266;37
17;5;1;266;37
17;5;1;266;38
17;5;1;266;38
17;5;1;266;38
17;5;1;266;38
17;5;1;266;38
17;5;1;266;38
17;5;1;266;38
17;5;1;266;38
17;5;1;266;38
17;5;1;266;38
17;5;1;266;38
17;5;1;267;37
17;5;1;267;37
17;5;1;267;37
17;5;1;267;37
17;5;1;267;37
17;5;1;267;37
17;5;1;267;37
17;5;1;267;37
17;5;1;267;38
17;5;1;267;38
17;5;1;267;38
17;5;1;267;38
17;5;1;267;38
17;5;1;267;38
17;5;1;267;38
17;5;1;267;38
17;5;1;267;38
17;5;1;267;38
17;5;1;267;39
17;5;1;267;39
17;5;1;267;39
17;5;1;267;39
17;5;1;268;37
17;5;1;268;37
17;5;1;268;37
17;5;1;268;37
17;5;1;268;38
17;5;1;268;38
17;5;1;268;38
17;5;1;268;38
17;5;1;268;38
17;5;1;268;38
17;5;1;268;38
17;5;1;268;38
17;5;1;268;38
17;5;1;268;38
17;5;1;268;38
17;5;1;268;38
17;5;1;268;38
17;5;1;268;38
17;5;1;268;38
17;5;1;268;38
17;5;1;268;41
17;5;1;268;41
17;5;1;268;41
17;5;1;269;36
17;5;1;269;36
17;5;1;269;36
17;5;1;269;37
17;5;1;269;37
17;5;1;269;37
17;5;1;269;37
17;5;1;269;37
17;5;1;269;37
17;5;1;269;37
17;5;1;269;37
17;5;1;269;37
17;5;1;269;37
17;5;1;269;37
17;5;1;269;38
17;5;1;269;38
17;5;1;269;38
17;5;1;269;38
17;5;1;269;38
17;5;1;269;38
17;5;1;269;38
17;5;1;269;38
17;5;1;269;38
17;5;1;269;38
17;5;1;269;39
17;5;1;270;36
17;5;1;270;37
17;5;1;270;37
17;5;1;270;37
17;5;1;270;37
17;5;1;270;38
17;5;1;270;38
17;5;1;270;38
17;5;1;270;38
17;5;1;270;38
17;5;1;270;38
17;5;1;270;38
17;5;1;270;38
17;5;1;270;38
17;5;1;270;38
17;5;1;270;38
17;5;1;270;38
17;5;1;270;38
17;5;1;270;38
17;5;1;270;38
17;5;1;270;38
17;5;1;270;39
17;5;2;271;33
17;5;2;271;33
17;5;2;271;34
17;5;2;271;34
17;5;2;271;34
17;5;2;271;34
17;5;2;271;34
17;5;2;271;34
17;5;2;271;34
17;5;2;271;34
17;5;2;271;35
17;5;2;271;35
17;5;2;271;35
17;5;2;271;35
17;5;2;271;35
17;5;2;271;37
17;5;2;271;37
17;5;2;271;39
17;5;2;272;34
17;5;2;272;35
17;5;2;272;35
17;5;2;272;35
17;5;2;272;35
17;5;2;272;35
17;5;2;272;35
17;5;2;272;35
17;5;2;272;35
17;5;2;272;35
17;5;2;272;35
17;5;2;272;35
17;5;2;272;35
17;5;2;272;35
17;5;2;272;35
17;5;2;272;35
17;5;2;272;35
17;5;2;272;35
17;5;2;272;35
17;5;2;272;36
17;5;2;272;36
17;5;2;272;36
17;5;2;272;36
17;5;2;272;36
17;5;2;273;34
17;5;2;273;34
17;5;2;273;34
17;5;2;273;34
17;5;2;273;34
17;5;2;273;34
17;5;2;273;35
17;5;2;273;35
17;5;2;273;35
17;5;2;273;35
17;5;2;273;35
17;5;2;273;35
17;5;2;273;35
17;5;2;273;35
17;5;2;273;35
17;5;2;273;35
17;5;2;273;35
17;5;2;273;35
17;5;2;273;36
17;5;2;273;36
17;5;2;273;36
17;5;2;274;33
17;5;2;274;33
17;5;2;274;34
17;5;2;274;34
17;5;2;274;34
17;5;2;274;34
17;5;2;274;34
17;5;2;274;35
17;5;2;274;35
17;5;2;274;35
17;5;2;274;35
17;5;2;274;35
17;5;2;274;35
17;5;2;274;35
17;5;2;274;35
17;5;2;274;35
17;5;2;274;35
17;5;2;274;35
17;5;2;274;35
17;5;2;274;39
17;5;2;274;39
17;5;2;275;34
17;5;2;275;34
17;5;2;275;34
17;5;2;275;34
17;5;2;275;34
17;5;2;275;34
17;5;2;275;34
17;5;2;275;34
17;5;2;275;34
17;5;2;275;35
17;5;2;275;35
17;5;2;275;35
17;5;2;275;35
17;5;2;275;35
17;5;2;275;35
17;5;2;275;35
17;5;2;275;35
17;5;2;275;35
17;5;2;275;35
17;5;2;275;35
17;5;2;275;36
17;5;2;275;36
17;5;2;275;36
17;5;2;276;34
17;5;2;276;34
17;5;2;276;34
17;5;2;276;34
17;5;2;276;34
17;5;2;276;34
17;5;2;276;34
17;5;2;276;34
17;5;2;276;34
17;5;2;276;35
17;5;2;276;35
17;5;2;276;35
17;5;2;276;35
17;5;2;276;35
17;5;2;276;35
17;5;2;276;35
17;5;2;276;35
17;5;2;276;35
17;5;2;276;35
17;5;2;276;35
17;5;2;276;35
17;5;2;276;35
17;5;2;276;36
17;5;2;277;34
17;5;2;277;34
17;5;2;277;34
17;5;2;277;34
17;5;2;277;34
17;5;2;277;35
17;5;2;277;35
17;5;2;277;35
17;5;2;277;35
17;5;2;277;35
17;5;2;277;35
17;5;2;277;35
17;5;2;277;35
17;5;2;277;35
17;5;2;277;35
17;5;2;277;35
17;5;2;277;35
17;5;2;277;35
17;5;2;277;35
17;5;2;277;35
17;5;2;277;35
17;5;2;277;35
17;5;2;277;36
17;5;2;278;34
17;5;2;278;34
17;5;2;278;34
17;5;2;278;34
17;5;2;278;34
17;5;2;278;35
17;5;2;278;35
17;5;2;278;35
17;5;2;278;35
17;5;2;278;35
17;5;2;278;35
17;5;2;278;35
17;5;2;278;35
17;5;2;278;35
17;5;2;278;35
17;5;2;278;35
17;5;2;278;35
17;5;2;278;35
17;5;2;278;35
17;5;2;278;35
17;5;2;278;35
17;5;2;279;34
17;5;2;279;34
17;5;2;279;34
17;5;2;279;34
17;5;2;279;34
17;5;2;279;34
17;5;2;279;35
17;5;2;279;35
17;5;2;279;35
17;5;2;279;35
17;5;2;279;35
17;5;2;279;35
17;5;2;279;35
17;5;2;279;35
17;5;2;279;35
17;5;2;279;35
17;5;2;279;35
17;5;2;279;35
17;5;2;279;35
17;5;2;279;35
17;5;2;279;35
17;5;2;279;36
17;5;2;279;36
17;5;2;279;36
17;5;3;280;36
17;5;3;280;36
17;5;3;280;36
17;5;3;280;36
17;5;3;280;36
17;5;3;280;36
17;5;3;280;36
17;5;3;280;36
17;5;3;280;36
17;5;3;280;36
17;5;3;280;36
17;5;3;280;36
17;5;3;280;36
17;5;3;280;37
17;5;3;280;37
17;5;3;280;37
17;5;3;280;37
17;5;3;280;37
17;5;3;280;37
17;5;3;280;37
17;5;3;280;37
17;5;3;280;37
17;5;3;280;37
17;5;3;280;38
17;5;3;281;36
17;5;3;281;36
17;5;3;281;36
17;5;3;281;36
17;5;3;281;36
17;5;3;281;36
17;5;3;281;36
17;5;3;281;36
17;5;3;281;36
17;5;3;281;36
17;5;3;281;36
17;5;3;281;37
17;5;3;281;37
17;5;3;281;37
17;5;3;281;37
17;5;3;281;37
17;5;3;281;37
17;5;3;281;37
17;5;3;281;37
17;5;3;281;37
17;5;3;281;38
17;5;3;281;39
17;5;3;282;36
17;5;3;282;36
17;5;3;282;36
17;5;3;282;36
17;5;3;282;36
17;5;3;282;36
17;5;3;282;36
17;5;3;282;36
17;5;3;282;36
17;5;3;282;36
17;5;3;282;36
17;5;3;282;36
17;5;3;282;36
17;5;3;282;36
17;5;3;282;36
17;5;3;282;37
17;5;3;282;37
17;5;3;282;37
17;5;3;282;37
17;5;3;282;37
17;5;3;282;37
17;5;3;282;37
17;5;3;282;37
17;5;3;282;37
17;5;3;283;36
17;5;3;283;36
17;5;3;283;36
17;5;3;283;36
17;5;3;283;36
17;5;3;283;36
17;5;3;283;36
17;5;3;283;36
17;5;3;283;36
17;5;3;283;37
17;5;3;283;37
17;5;3;283;37
17;5;3;283;37
17;5;3;283;37
17;5;3;283;37
17;5;3;283;37
17;5;3;283;37
17;5;3;283;37
17;5;3;283;37
17;5;3;283;37
17;5;3;283;37
17;5;3;283;37
17;5;3;283;38
17;5;3;283;38
17;5;3;284;36
17;5;3;284;36
17;5;3;284;36
17;5;3;284;36
17;5;3;284;36
17;5;3;284;36
17;5;3;284;36
17;5;3;284;36
17;5;3;284;36
17;5;3;284;36
17;5;3;284;36
17;5;3;284;36
17;5;3;284;36
17;5;3;284;36
17;5;3;284;36
17;5;3;284;37
17;5;3;284;37
17;5;3;284;37
17;5;3;284;37
17;5;3;284;37
17;5;3;284;37
17;5;3;284;37
17;5;3;284;37
17;5;3;284;37
17;5;3;285;36
17;5;3;285;36
17;5;3;285;36
17;5;3;285;36
17;5;3;285;36
17;5;3;285;36
17;5;3;285;36
17;5;3;285;36
17;5;3;285;36
17;5;3;285;36
17;5;3;285;36
17;5;3;285;36
17;5;3;285;36
17;5;3;285;37
17;5;3;285;37
17;5;3;285;37
17;5;3;285;37
17;5;3;285;37
17;5;3;285;37
17;5;3;285;38
17;5;3;285;38
17;5;3;286;36
17;5;3;286;36
17;5;3;286;36
17;5;3;286;36
17;5;3;286;36
17;5;3;286;36
17;5;3;286;36
17;5;3;286;36
17;5;3;286;36
17;5;3;286;36
17;5;3;286;36
17;5;3;286;36
17;5;3;286;36
17;5;3;286;36
17;5;3;286;37
17;5;3;286;37
17;5;3;286;37
17;5;3;286;37
17;5;3;286;37
17;5;3;286;37
17;5;3;286;37
17;5;3;286;37
17;5;3;286;37
17;5;3;286;38
17;5;3;286;38
17;5;3;287;36
17;5;3;287;36
17;5;3;287;36
17;5;3;287;36
17;5;3;287;36
17;5;3;287;36
17;5;3;287;36
17;5;3;287;36
17;5;3;287;36
17;5;3;287;36
17;5;3;287;36
17;5;3;287;36
17;5;3;287;36
17;5;3;287;36
17;5;3;287;36
17;5;3;287;36
17;5;3;287;36
17;5;3;287;36
17;5;3;287;37
17;5;3;287;37
17;5;3;287;38
17;5;3;288;36
17;5;3;288;36
17;5;3;288;36
17;5;3;288;36
17;5;3;288;36
17;5;3;288;36
17;5;3;288;36
17;5;3;288;36
17;5;3;288;36
17;5;3;288;36
17;5;3;288;37
17;5;3;288;37
17;5;3;288;37
17;5;3;288;37
17;5;3;288;37
17;5;3;288;37
17;5;3;288;37
17;5;3;288;37
17;5;3;288;37
17;5;3;288;37
17;5;3;288;37
17;5;3;288;37
17;5;3;288;38
17;5;3;288;38
17;5;3;288;38
17;11;1;298;36
17;11;1;298;36
17;11;1;298;36
17;11;1;298;36
17;11;1;298;36
17;11;1;298;36
17;11;1;298;36
17;11;1;298;36
17;11;1;298;36
17;11;1;298;37
17;11;1;298;37
17;11;1;298;37
17;11;1;298;37
17;11;1;298;37
17;11;1;298;38
17;11;1;298;38
17;11;1;298;38
17;11;1;298;39
17;11;1;299;36
17;11;1;299;36
17;11;1;299;36
17;11;1;299;36
17;11;1;299;36
17;11;1;299;36
17;11;1;299;36
17;11;1;299;36
17;11;1;299;36
17;11;1;299;36
17;11;1;299;36
17;11;1;299;36
17;11;1;299;36
17;11;1;299;36
17;11;1;299;37
17;11;1;299;37
17;11;1;299;37
17;11;1;299;37
17;11;1;299;37
17;11;1;299;37
17;11;1;299;37
17;11;1;299;37
17;11;1;299;37
17;11;1;299;38
17;11;1;300;35
17;11;1;300;36
17;11;1;300;36
17;11;1;300;36
17;11;1;300;36
17;11;1;300;36
17;11;1;300;36
17;11;1;300;36
17;11;1;300;36
17;11;1;300;36
17;11;1;300;36
17;11;1;300;36
17;11;1;300;37
17;11;1;300;37
17;11;1;300;37
17;11;1;300;37
17;11;1;300;37
17;11;1;300;37
17;11;1;300;37
17;11;1;300;37
17;11;1;300;37
17;11;1;300;37
17;11;1;300;37
17;11;1;300;37
17;11;1;300;37
17;11;1;301;31
17;11;1;301;34
17;11;1;301;35
17;11;1;301;35
17;11;1;301;35
17;11;1;301;35
17;11;1;301;35
17;11;1;301;36
17;11;1;301;36
17;11;1;301;36
17;11;1;301;36
17;11;1;301;36
17;11;1;301;36
17;11;1;301;36
17;11;1;301;36
17;11;1;301;36
17;11;1;301;36
17;11;1;301;36
17;11;1;301;36
17;11;1;301;36
17;11;1;301;36
17;11;1;301;37
17;11;1;301;37
17;11;1;302;34
17;11;1;302;35
17;11;1;302;36
17;11;1;302;36
17;11;1;302;36
17;11;1;302;36
17;11;1;302;36
17;11;1;302;36
17;11;1;302;36
17;11;1;302;36
17;11;1;302;36
17;11;1;302;36
17;11;1;302;36
17;11;1;302;36
17;11;1;302;36
17;11;1;302;36
17;11;1;302;36
17;11;1;302;36
17;11;1;302;36
17;11;1;302;37
17;11;1;302;37
17;11;1;302;37
17;11;1;302;37
17;11;1;302;37
17;11;1;302;37
17;11;1;303;36
17;11;1;303;36
17;11;1;303;36
17;11;1;303;36
17;11;1;303;36
17;11;1;303;36
17;11;1;303;36
17;11;1;303;36
17;11;1;303;36
17;11;1;303;36
17;11;1;303;36
17;11;1;303;36
17;11;1;303;36
17;11;1;303;36
17;11;1;303;36
17;11;1;303;36
17;11;1;303;36
17;11;1;303;36
17;11;1;303;36
17;11;1;303;37
17;11;1;303;37
17;11;1;303;37
17;11;1;303;37
17;11;1;303;38
17;11;1;303;39
17;11;1;304;35
17;11;1;304;36
17;11;1;304;36
17;11;1;304;36
17;11;1;304;36
17;11;1;304;36
17;11;1;304;36
17;11;1;304;36
17;11;1;304;36
17;11;1;304;36
17;11;1;304;36
17;11;1;304;36
17;11;1;304;36
17;11;1;304;36
17;11;1;304;36
17;11;1;304;36
17;11;1;304;37
17;11;1;304;37
17;11;1;304;37
17;11;1;304;37
17;11;1;304;37
17;11;1;304;37
17;11;1;304;37
17;11;1;305;36
17;11;1;305;36
17;11;1;305;36
17;11;1;305;36
17;11;1;305;36
17;11;1;305;36
17;11;1;305;36
17;11;1;305;36
17;11;1;305;36
17;11;1;305;36
17;11;1;305;36
17;11;1;305;36
17;11;1;305;37
17;11;1;305;37
17;11;1;305;37
17;11;1;305;37
17;11;1;305;37
17;11;1;305;37
17;11;1;305;37
17;11;1;305;37
17;11;1;305;37
17;11;1;305;37
17;11;1;305;37
17;11;1;306;35
17;11;1;306;36
17;11;1;306;36
17;11;1;306;36
17;11;1;306;36
17;11;1;306;36
17;11;1;306;36
17;11;1;306;36
17;11;1;306;36
17;11;1;306;36
17;11;1;306;36
17;11;1;306;36
17;11;1;306;36
17;11;1;306;36
17;11;1;306;36
17;11;1;306;36
17;11;1;306;36
17;11;1;306;36
17;11;1;306;36
17;11;1;306;37
17;11;1;306;37
17;11;1;306;37
17;11;1;306;37
17;11;1;306;37
17;11;1;306;37
17;11;2;307;35
17;11;2;307;35
17;11;2;307;35
17;11;2;307;35
17;11;2;307;35
17;11;2;307;35
17;11;2;307;35
17;11;2;307;35
17;11;2;307;35
17;11;2;307;35
17;11;2;307;35
17;11;2;307;35
17;11;2;307;35
17;11;2;307;35
17;11;2;307;35
17;11;2;307;35
17;11;2;307;35
17;11;2;307;35
17;11;2;307;35
17;11;2;307;35
17;11;2;307;35
17;11;2;307;35
17;11;2;307;36
17;11;2;307;36
17;11;2;307;36
17;11;2;308;35
17;11;2;308;35
17;11;2;308;35
17;11;2;308;35
17;11;2;308;35
17;11;2;308;35
17;11;2;308;35
17;11;2;308;35
17;11;2;308;35
17;11;2;308;35
17;11;2;308;35
17;11;2;308;35
17;11;2;308;35
17;11;2;308;35
17;11;2;308;35
17;11;2;308;35
17;11;2;308;35
17;11;2;308;36
17;11;2;308;36
17;11;2;308;36
17;11;2;308;36
17;11;2;308;39
17;11;2;308;39
17;11;2;309;35
17;11;2;309;35
17;11;2;309;35
17;11;2;309;35
17;11;2;309;35
17;11;2;309;35
17;11;2;309;35
17;11;2;309;35
17;11;2;309;35
17;11;2;309;35
17;11;2;309;35
17;11;2;309;35
17;11;2;309;35
17;11;2;309;35
17;11;2;309;35
17;11;2;309;35
17;11;2;309;35
17;11;2;309;36
17;11;2;309;36
17;11;2;309;36
17;11;2;309;36
17;11;2;309;36
17;11;2;309;36
17;11;2;309;36
17;11;2;310;35
17;11;2;310;35
17;11;2;310;35
17;11;2;310;35
17;11;2;310;35
17;11;2;310;35
17;11;2;310;35
17;11;2;310;35
17;11;2;310;35
17;11;2;310;35
17;11;2;310;35
17;11;2;310;35
17;11;2;310;35
17;11;2;310;35
17;11;2;310;35
17;11;2;310;35
17;11;2;310;35
17;11;2;310;35
17;11;2;310;35
17;11;2;310;35
17;11;2;310;35
17;11;2;310;35
17;11;2;310;36
17;11;2;310;37
17;11;2;311;35
17;11;2;311;35
17;11;2;311;35
17;11;2;311;35
17;11;2;311;35
17;11;2;311;35
17;11;2;311;35
17;11;2;311;35
17;11;2;311;35
17;11;2;311;35
17;11;2;311;35
17;11;2;311;35
17;11;2;311;35
17;11;2;311;35
17;11;2;311;35
17;11;2;311;35
17;11;2;311;35
17;11;2;311;35
17;11;2;311;35
17;11;2;311;35
17;11;2;311;35
17;11;2;311;35
17;11;2;311;36
17;11;2;311;36
17;11;2;312;35
17;11;2;312;35
17;11;2;312;35
17;11;2;312;35
17;11;2;312;35
17;11;2;312;35
17;11;2;312;35
17;11;2;312;35
17;11;2;312;35
17;11;2;312;35
17;11;2;312;35
17;11;2;312;35
17;11;2;312;35
17;11;2;312;35
17;11;2;312;35
17;11;2;312;35
17;11;2;312;35
17;11;2;312;35
17;11;2;312;35
17;11;2;312;35
17;11;2;312;35
17;11;2;312;36
17;11;2;312;36
17;11;2;312;37
17;11;2;313;35
17;11;2;313;35
17;11;2;313;35
17;11;2;313;35
17;11;2;313;35
17;11;2;313;35
17;11;2;313;35
17;11;2;313;35
17;11;2;313;35
17;11;2;313;35
17;11;2;313;35
17;11;2;313;35
17;11;2;313;35
17;11;2;313;35
17;11;2;313;35
17;11;2;313;35
17;11;2;313;35
17;11;2;313;35
17;11;2;313;35
17;11;2;313;35
17;11;2;313;35
17;11;2;313;36
17;11;2;313;36
17;11;2;313;36
17;11;2;314;35
17;11;2;314;35
17;11;2;314;35
17;11;2;314;35
17;11;2;314;35
17;11;2;314;35
17;11;2;314;35
17;11;2;314;35
17;11;2;314;35
17;11;2;314;35
17;11;2;314;35
17;11;2;314;35
17;11;2;314;35
17;11;2;314;35
17;11;2;314;35
17;11;2;314;35
17;11;2;314;35
17;11;2;314;35
17;11;2;314;35
17;11;2;314;35
17;11;2;314;35
17;11;2;314;35
17;11;2;314;36
17;11;2;314;38
17;11;2;315;34
17;11;2;315;35
17;11;2;315;35
17;11;2;315;35
17;11;2;315;35
17;11;2;315;35
17;11;2;315;35
17;11;2;315;35
17;11;2;315;35
17;11;2;315;35
17;11;2;315;35
17;11;2;315;35
17;11;2;315;35
17;11;2;315;35
17;11;2;315;35
17;11;2;315;35
17;11;2;315;35
17;11;2;315;35
17;11;2;315;36
17;11;2;315;36
17;11;2;315;36
17;11;2;315;36
17;11;2;315;36
17;11;2;315;36
17;11;2;315;37
17;11;3;316;36
17;11;3;316;36
17;11;3;316;36
17;11;3;316;37
17;11;3;316;37
17;11;3;316;37
17;11;3;316;37
17;11;3;316;37
17;11;3;316;37
17;11;3;316;37
17;11;3;316;37
17;11;3;316;37
17;11;3;316;37
17;11;3;316;37
17;11;3;316;37
17;11;3;316;37
17;11;3;316;37
17;11;3;316;37
17;11;3;316;37
17;11;3;316;37
17;11;3;316;37
17;11;3;316;37
17;11;3;316;37
17;11;3;316;37
17;11;3;316;39
17;11;3;317;36
17;11;3;317;37
17;11;3;317;37
17;11;3;317;37
17;11;3;317;37
17;11;3;317;37
17;11;3;317;37
17;11;3;317;37
17;11;3;317;37
17;11;3;317;37
17;11;3;317;37
17;11;3;317;37
17;11;3;317;37
17;11;3;317;37
17;11;3;317;37
17;11;3;317;37
17;11;3;317;37
17;11;3;317;37
17;11;3;317;37
17;11;3;317;37
17;11;3;317;37
17;11;3;317;37
17;11;3;317;37
17;11;3;317;37
17;11;3;317;37
17;11;3;318;37
17;11;3;318;37
17;11;3;318;37
17;11;3;318;37
17;11;3;318;37
17;11;3;318;37
17;11;3;318;37
17;11;3;318;37
17;11;3;318;37
17;11;3;318;37
17;11;3;318;37
17;11;3;318;37
17;11;3;318;37
17;11;3;318;37
17;11;3;318;37
17;11;3;318;37
17;11;3;318;37
17;11;3;318;37
17;11;3;318;37
17;11;3;318;37
17;11;3;318;37
17;11;3;318;38
17;11;3;318;38
17;11;3;318;38
17;11;3;319;36
17;11;3;319;37
17;11;3;319;37
17;11;3;319;37
17;11;3;319;37
17;11;3;319;37
17;11;3;319;37
17;11;3;319;37
17;11;3;319;37
17;11;3;319;37
17;11;3;319;37
17;11;3;319;37
17;11;3;319;37
17;11;3;319;37
17;11;3;319;37
17;11;3;319;37
17;11;3;319;37
17;11;3;319;37
17;11;3;319;37
17;11;3;319;37
17;11;3;319;37
17;11;3;319;37
17;11;3;319;37
17;11;3;320;36
17;11;3;320;36
17;11;3;320;37
17;11;3;320;37
17;11;3;320;37
17;11;3;320;37
17;11;3;320;37
17;11;3;320;37
17;11;3;320;37
17;11;3;320;37
17;11;3;320;37
17;11;3;320;37
17;11;3;320;37
17;11;3;320;37
17;11;3;320;37
17;11;3;320;37
17;11;3;320;37
17;11;3;320;37
17;11;3;320;37
17;11;3;320;37
17;11;3;320;37
17;11;3;320;38
17;11;3;320;38
17;11;3;321;37
17;11;3;321;37
17;11;3;321;37
17;11;3;321;37
17;11;3;321;37
17;11;3;321;37
17;11;3;321;37
17;11;3;321;37
17;11;3;321;37
17;11;3;321;37
17;11;3;321;37
17;11;3;321;37
17;11;3;321;37
17;11;3;321;37
17;11;3;321;37
17;11;3;321;37
17;11;3;321;37
17;11;3;321;37
17;11;3;321;37
17;11;3;321;37
17;11;3;321;37
17;11;3;321;37
17;11;3;321;38
17;11;3;321;39
17;11;3;322;36
17;11;3;322;37
17;11;3;322;37
17;11;3;322;37
17;11;3;322;37
17;11;3;322;37
17;11;3;322;37
17;11;3;322;37
17;11;3;322;37
17;11;3;322;37
17;11;3;322;37
17;11;3;322;37
17;11;3;322;37
17;11;3;322;37
17;11;3;322;37
17;11;3;322;37
17;11;3;322;37
17;11;3;322;37
17;11;3;322;37
17;11;3;322;37
17;11;3;322;37
17;11;3;322;37
17;11;3;322;38
17;11;3;322;38
17;11;3;322;39
17;11;3;323;37
17;11;3;323;37
17;11;3;323;37
17;11;3;323;37
17;11;3;323;37
17;11;3;323;37
17;11;3;323;37
17;11;3;323;37
17;11;3;323;37
17;11;3;323;37
17;11;3;323;37
17;11;3;323;37
17;11;3;323;37
17;11;3;323;37
17;11;3;323;37
17;11;3;323;37
17;11;3;323;37
17;11;3;323;37
17;11;3;323;37
17;11;3;323;37
17;11;3;323;37
17;11;3;323;37
17;11;3;323;37
17;11;3;323;39
17;11;3;324;36
17;11;3;324;37
17;11;3;324;37
17;11;3;324;37
17;11;3;324;37
17;11;3;324;37
17;11;3;324;37
17;11;3;324;37
17;11;3;324;37
17;11;3;324;37
17;11;3;324;37
17;11;3;324;37
17;11;3;324;37
17;11;3;324;37
17;11;3;324;37
17;11;3;324;37
17;11;3;324;37
17;11;3;324;37
17;11;3;324;37
17;11;3;324;37
17;11;3;324;37
17;11;3;324;38
17;11;3;324;38